sr. no.,username,user id,access_hash,name,Status
1,Mochiiiekaa,6516284500,4434535306098932896,Mochi NxağŸ¤¡,seen
2,blehhhhhhhhhhhhhhhhh,7096935060,6897582496685510914,MomğŸ˜‡ğŸ’–,seen
3,RAALEX576382,8475850670,4631174430607785134,Ra Alex,seen
4,Nha_smos_jm,1810771645,-5840337648728379661,YamadağŸ«,seen
5,mey88mey,7661500742,1444512076145920169,æ˜ç  ğŸŒ™ğŸ’®,seen
6,MiiEii_kmengchkut,5036833832,5165907508812476785,Heng SeangEii â™“ï¸,seen
7,Type_bong_na_kdor_thom_and_pink,7929988084,-8109960423004260612,FÃ£ Alex ğŸ‡»ğŸ‡³ğŸ¦–ğŸª·,seen
8,blehhhhhhhhhhhhhhhhhhhhhhhh,1867350927,3976843006466896273,!nith,seen
9,rohh_unluckyy,5983020121,8537609841699119156,@Rohhh,seen
10,,6865622182,1199074000924681956,Oun Lis,seen
11,Lly_maii,6846116501,-3387076072081202581,Mai,seen
12,,6378820755,-6844319901531818871,..,seen
13,,6149148168,7122085469777574436,Na ğŸ’—,seen
14,,5736887633,1829205315580464730,snaptube Mp3,seen
15,,1188838095,-1076488209427847518,Ni Ka,seen
16,imyyy_smmm,6244944241,6290966389050085001,Chhay Sivming,seen
17,im_sorry_everyone,6660708345,-4917024169673481716,Riya,seen
18,sariththona,6250562427,3113376846034623901,Yu Na â¤ï¸â€ğŸ”¥,seen
19,Nangjuki5,1848601064,-3920259868543805477,Jak Ya Nang,seen
20,Lanh_me_pleam,1595838180,-8371531019918801405,SÄ“y,seen
21,Nik_nh_men_ng,5871203813,-449618424887805986,Matcha ğŸµğŸ¡,seen
22,Nh_Mo_Ling,7660030470,6226828335452682176,Mo,seen
23,moni_Ma_Dav,7603757192,7291963842970264183,BilağŸ‘,seen
24,beelyyean,6033664824,4010886374308551059,Ying,seen
25,Juuly_jubjub,6720884645,-5227169460953825894,â˜•ï¸ ğŸ€,seen
26,Sme_alone,946461096,-6443057887286514682,leaksme Ëšà­¨à­§â‹† â€,seen
27,Demonismxxx,7347966257,-2575900771797552914,Ka,seen
28,Ben_ZZyy,5144615718,-8082402653762809419,Ben ZZy,seen
29,RemoveHyperlinkBot,5987924891,3145602112152269903,RemoveHyperlinkBot by @Bot442,seen
30,THYNORAKTON,7145402170,-3651657537104627354,ğ™ğ™ƒğ™”ğ™‰ğ™Šğ™ğ˜¼ğ™†ğ™ğ™Šğ™‰ ğ™ğ™ğ™Šğ™ğ™€,seen
31,Vermeil_For_You,7494358991,1473100968919372881,ğğ¢ğ­ à¾€à½²^.^,seen
32,TZ_DET,5310337392,3504029758065301457,Date Kmeng TochğŸ–¤ğŸ¥·ğŸ­,seen
33,Unnnluckyy,6208692037,7411691140566857498,Êá´€á´á´€á´…á´€ã‚·ï¸â„¢,seen
34,,6087179154,2316104000067414680,So Nich,seen
35,,5124520495,141450139869800792,.Bye,seen
36,ch_izz,6711513501,-2472550108395826871,Chifply,seen
37,xing1819,5918443860,1356366169170689843,Xing,seen
38,nynysmosmes,7873389111,-3112252748591028321,ğŸ¦ ,seen
39,leang_bek_ma,5191970435,-3741077456170941842,Ah Bek Tnam,seen
40,,7441676218,4227721027083158220,Unluckyy,seen
41,ckea_teb_007,7369015644,2731768262914915771,Erix à¼’ã‚¨ãƒªãƒƒã‚¯ã‚¹ğŸ…,seen
42,Lonelygirl422,6534020445,-1709394862301471431,ÅƒYğŸ€,seen
43,,6977788726,2370716231608677843,Zev,seen
44,jingsu12,7168621039,2141398115200628806,å¼ é™ç¾âœ¨,seen
45,yumo_jumo,5570004142,-8479276240459549684,Mo,seen
46,,5605702854,3134592235177645866,Por,seen
47,,1483303345,2744683838139893700,Dara rith,seen
48,,6529311542,-5703019869443543027,ZA ZAğŸ”ªğŸ‰ğŸ™,seen
49,,1869344315,-8799275152567451414,Ky,seen
50,daatingting,1740714214,-6513457090838647169,Chii,seen
51,ari_juju,1881609466,-8705343678829236613,Ron Ratha,seen
52,AhEii168Kh,7886889802,4173569439461434264,Eii ğŸ¦¥,seen
53,sammen57,6133023568,-2230554806417108829,J _10 CğŸ—¿ğŸ’£,seen
54,RalireMairee,6313374237,-320433279318115034,Ä¸ Å™Âª,seen
55,AH_JING_JANG,6890185785,-403234173214500958,ğŸ•Šï¸,seen
56,Buek_with_b,6251093022,-8638611752289661490,PinkÂ² jak tapokğŸ¤˜ (Ly pom pit),seen
57,annabeamskor,7569312120,-947360009900392102,Anna beam skor,seen
58,,5393477399,7614775731724774953,Chhay,seen
59,kdor_toch_mes_b,5660137762,328319225961700979,Zhu Chin,seen
60,Nangmc1123,7966031412,4194648024888031679,mrr. Nang,seen
61,,7234174451,-3754434394986672952,ã…¤,seen
62,,6136618176,-8431178814828598213,@,seen
63,BPxMnusSmos,6624030135,-974364931573380009,Soeurng Long,seen
64,DenzZy629reseller,2019335140,4206866535350532288,Denz Zy,seen
65,Bii8998,8169933731,3155861558630475953,BiiğŸ˜‹,seen
66,Jomessiscute,1860139223,-5273011158833541918,å°¼æœ­çˆ¾,seen
67,Kleb_jeb88,6298195516,6537184167832594383,Khittt ğŸ«¶â¤ï¸,seen
68,,5385974092,-729270587237419172,å¤§æ—,seen
69,,1865206256,-7837766828629211694,Imyour Mine,seen
70,,2023839908,-7075265440743840153,ğŸ˜Š,seen
71,,1842486373,1357762900492386341,á›á¸,seen
72,mei_mei66,6482135816,29016415063817203,Mei,seen
73,Za_a_Cute,1828161842,-2598931351860864401,Za ZağŸ©·,seen
74,vin09724,7057591261,1132768708437806799,ÄÃ¶ Ã‘Ã¼Å¥,seen
75,otsspinngaiinvotmeannaksltt,5959661159,-7230255961290087185,ğ’€ğ’–ğ’ğ’Šğ’‚ğ’‰ğ’‰ ğ™š,seen
76,,6670246865,-2673396469259051274,Qbee ğŸ,seen
77,,6139883893,5343495748424852232,ğŸ¥¹,seen
78,y_a_zin8888,5393662035,-6516335615025949196,Å¦ep yuÄºay Pozz _smosâˆš,seen
79,fucccck1768,950806122,-296152532094515486,Hong Hong,seen
80,Ratanabingerl,6918159074,-8893681423388111277,á áŸŠá¸á˜ ášáá“á¶,seen
81,,7771897901,1783322643727658476,tingğŸ¤,seen
82,Ting_Ting_007,1949226983,-599331170456325094,Ah Try Toch ğ™š ã‚ ï£¿ğŸ“¿,seen
83,,5075683486,3735732147306825111,IÅ YÃ¸u,seen
84,,6486932019,1695847216175544809,é©¬æ‹‰ğŸ«€ğŸ¤ğŸ™„,seen
85,,6444887844,4955654498743301782,Ching neangğŸ°ğŸ¤,seen
86,PheaRuuN,810752099,-7472493235980665007,ášá˜áŸ’á™ á—á¶ášá»á“â¤ï¸,seen
87,,1341911958,-6252974714458136816,Bro NithğŸ«€,seen
88,Zhuxi_hope,1451607922,9012047434010464474,ä½å¸Œâœ¿,seen
89,Nonamehhcvjjkmmmmcv,2014631512,3109378312603926705,Uta,seen
90,erssssssssssssss,1624440292,-5156819051938910515,LonG,seen
91,,6647649049,363287326651917476,Jin Jinâ¤ï¸â€ğŸ”¥ğŸ˜–,seen
92,httpswwwfacebookcomshare1JhAtCyW,6491749138,-7591396649295790268,Pa Net,seen
93,PorEii_savanas,5697010085,1780378589448685259,Anh Ah PorEii Sava jg mix kr banğŸˆ,seen
94,,5988562131,311919609614379409,íŒŒ jok jok <:3,seen
95,liqingsmossne,7630937793,568304705762108309,Hurt.,seen
96,,6073686592,-1277325350241965289,Jo Jo,seen
97,papoysmossne,6434840360,3092977978871823115,PAPOYğŸŒ,seen
98,httpsthivong16,6474002458,7179197432872805058,Me,seen
99,,5913368424,-7273029739731750220,á áŸá“ á‚á¸á˜,seen
100,Ricky_Tey,1509992802,3638041835394267668,!,seen
101,,6629083991,5429216285238067697,Ninâ£ï¸,seen
102,,5127093408,-5431356094595924525,á˜áŸ‰á™ áŸáŸ’ášá¸á€á¶áš,seen
103,Who_are_you007,6820327903,-3742535776183802082,Â£,seen
104,,6198889660,-3969811141137138190,Juu Taâ™¡,seen
105,isback168,5074802509,-9146889165893133286,IsBacK,seen
106,lvv_you_klang_klang,6170886986,-5949532252047417639,Juu ğŸ§ƒ,seen
107,sngha_nas_hea,6096969739,-6199186050341350595,ğ‘ºğ’Œğ’š ğ’Œğ’Šğ’Œğ’Šğ’ğ’–,seen
108,luvusomuchbruhh,6333545118,-5924549425354412196,Seang Menger ğŸ°ğŸ‡,seen
109,Van_G_7,7038516944,-6153939688513082826,Kin yu ~{G 7},seen
110,Hav_mae_ov_hg_sey_ah_jm,5935799116,-1711289279164983135,Sly,seen
111,Snaaaaaaaaaaaaa,5646541101,544881937489402090,VEA SNA,seen
112,Sl_o_mey_ot,1904089509,8942334105978554312,Pop PyğŸ‡¨ğŸ‡³,seen
113,mix_mi_jkj_gg,5794868470,1703843044383354286,Ri Ma,seen
114,ah_Mey_Amm,6261856264,-5207743424704023123,ğŸ‡°ğŸ‡­ â„¢Â®áŸš á…áŸá“ á›á¸áˆá¸á„áŸšÂ©Â®ğŸ‡¦ğŸ‡·,seen
115,MentionRobot,866121633,4614905557196687628,Mention Robot,seen
116,Adthebest,7166285081,7227338600545457077,AD ...,seen
117,Oun_mey_cute,7115704731,8018303041043587659,MeyğŸª­,seen
118,Meahg135277,5494622169,5995225206439174467,NICH á¥¬ï£¿á©¤,seen
119,,5235346459,7109052967119402833,Dara Rith,seen
120,h_unky,7982123753,7988697087104920353,H.,seen
121,Auranadura,7652730804,-9055404353501526244,ğš‚ğš‘ğš’ğš—ğš˜ğš›ğšŠ,seen
122,panha1031,6947798151,-3027286821711286872,HENG PANHA,seen
123,Fong_03,1414936428,-1491830385028420611,Nam Jeak,seen
124,,8203912014,-3841788534981682687,,seen
125,,8056534340,-1975450625037586969,,seen
126,,5647151935,6164331975644385713,á”áŸ’ášá»áŸ á…á¶á“áŸ‹,seen
127,beelyy12,1764516434,-3059271845853481551,Ry,seen
128,,5181200438,-834934598217594803,áƒá½á“ áŸáŸ’ášá¸á•á¶á,seen
129,,7757188005,-5647897433746161736,Gi,seen
130,Vanak7272,540634798,-6191551708300010479,Vanak,seen
131,,6870381214,-4103082190705791093,Chescika ğŸ“,seen
132,,7558149225,5120979717242271894,,seen
133,,7226442643,-8985230959927296994,B áá½á… ğŸ’”,seen
134,Likta12,7683675479,-4175343490425172118,Lik Ta_á„á“ á›á¸áá¶,seen
135,eam_lysher128,6236681207,-147579620483209233,Ly Sher,seen
136,,8403463937,-580801550320189330,,seen
137,,8373157449,3707818134491795219,,seen
138,,1566941581,3770476864562181636,á‚á„áŸ‹ áŸá¶ášá¸áá¶,seen
139,Reachluvyou,6025162252,-514559376801257346,NOMPANG,seen
140,anhahpop,5038731235,2575562677184167298,Korn,seen
141,RoyzHann,971002664,-2148513868415029555,RÃ˜YZ,seen
142,Vin_Kanha,1713748086,5950290472968079770,áœá·á“ á€á‰áŸ’á‰á¶,seen
143,,5428337760,-5143862579269380184,MÅ“ KÄ“kÅ“,seen
144,JinMing_15,1217633947,-2841094991829976134,S.é‡‘æ˜,seen
145,,5629399050,1951900135490708131,U Jak sloy,seen
146,Raa11699,1643869397,-4530908811995465640,Bong Raa,seen
147,Jing_pikachu,6137423565,-2898666077349290448,Jing ğŸ’¢,seen
148,Linn_Vee02,6298519681,-3306305489363458035,Lynn Vee â€¹ ğŸ§ƒ,seen
149,xingggg696,2018639337,1083118915645672573,Peau Phavith,seen
150,,1549179824,3265010608998518667,Zainal,seen
151,kermseavlang,6290808500,-1089432787855954474,Mamaaaa,seen
152,,1034233059,1652558973200544123,I'm Optimus Prime ğŸ‡°ğŸ‡­ğŸ‡²ğŸ‡¾,seen
153,mingmingboy12,5149936407,-674617455480531552,æ˜ æ˜,seen
154,,8152062926,2829116875753813699,Ktmtmtmt,seen
155,,5934013485,3709913040847637602,,seen
156,senha302,5584771102,3733898607207220696,Gi Vorn,seen
157,juii126,1283346547,9219445080106883773,Pang,seen
158,kduymeahgajmr123,1769273176,-5797383304288050036,Meta : Sal Mario,seen
159,,1454673916,-5174553009240716399,Siev Fong,seen
160,,6532010994,-4643056960238348794,SATHATğŸ€11DÂ¹,seen
161,,7754091480,7243117619823806736,,seen
162,Pu_saisi,6042538714,44829771905258055,Sereivathna.,seen
163,vithbubu,1200464069,7519838336040731566,Vith,seen
164,Muoy_Nezoko,6915272537,-6402085567141857664,MÃ¼Ã¸y ZÃ©Ã±Ã­tsÃµ,seen
165,ProtectronBot,696267355,-5228911833888515261,Protectron,seen
166,Blank55566,5982634927,-899919661664899035,á†á¶á„ á…áŸá“áŸ’á‘áá¶ášá¶á…á“áŸ’ášáŸ’á‘á¶,seen
167,Dunt4get_yuth,2012398624,7043965655347605186,Zy,seen
168,,1390863276,3237660189600974379,Remi,seen
169,,7428399581,6520036323745752503,PA NHA ğŸ‘‘ğŸ’,seen
170,nhomsarika,6378575620,-1587429898440045469,Sozz Bee,seen
171,Meyykutpinkkk,5479514170,1349652742357673446,Smos,seen
172,,497571645,-6387630192194532755,Meng Da-LRO(SST 064),seen
173,Hhhhh2233445,6824003903,-1739296846516042763,Di,seen
174,juii_mak_you,7500560020,5558875538111636515,á‚áŸá á¶á…áŸ‹á‚áŸá”á¶á“á”á„á¢á¼á“á¢áŸ€á“áŸ—áŸáŸ’á–áŸƒğŸ˜”,seen
175,mrykmenglaor,2136590231,-9221974698028048628,Fe Lix,seen
176,,5548840026,1665068819774555009,ENZO,seen
177,Hoeumserngheav,6641090646,-7954926396180613980,Êœá´‡á´€á´ Z,seen
178,,8385727026,1451055912257314250,â—,seen
179,,7890667282,1813632509963736284,é”èŠ¬,seen
180,pozznarong,7517128223,-5723567855754239300,Rong Sava,seen
181,Ilcaos76,5081383549,-6349473592569805755,Il Caos,seen
182,,5583353491,-5455923991732042827,á‘áŸáœáá¶áá¼á…á…á·ááŸ’áâ¤ï¸â€ğŸ©¹ğŸ—£ï¸(^_^)á‚áŸ’á˜á¶.!á“áŸáŸ†áá¶á„ á€áŸ’á“á»á„ášá¿á„áŸáŸ’á“áŸá á¶.ğŸ’”,seen
183,Iove_u66,7438432956,8785721779236232056,143,seen
184,,6876086584,7702608504974661562,A,seen
185,LEAK0977176670,1107448978,2679413962967736420,áŸá»á“ á–á›á€áŸ’áááŸ,seen
186,Urfavgirlcheary,1478941607,-7575565275278776881,áŸáŸŠá»á“ á˜á»á“á¸áœá·á‡áŸ’á‡á¶ášá¸á™áŸŒ Â«chearyÂ»,seen
187,,7404324905,4509611122068891671,MO YAğŸ€,seen
188,,7430679027,2081519548958948435,CrisydenğŸŒ·â™Œ,seen
189,,8370262249,8004795383845219099,Re,seen
190,,5786950191,-8485326462181430522,Dez,seen
191,madavin197,2032760822,-8649548621968542989,ášá…á“á¶ áŠá¶áœá¸á“,seen
192,,6823702522,-6003710024077145802,Si Leub,seen
193,o_va_tin,6692303104,7576169796400871292,Tin,seen
194,Aa18185578888888,6536269596,-1941426567478885105,Sien Savong,seen
195,,1269826235,4073079949106050126,Ahh Ployyy ğŸ¤«,seen
196,Albert_60eAle,6484309020,-6027044009859351025,ğŸ³ï¸â€ğŸŒˆğ“ğšğ®ğ’-ğŠğ¨ğ§ğ  ğ‘ğŒğŸ’¢ğŸ˜¡,seen
197,,6477456024,6330972949524735405,NaNa,seen
198,,8052278223,-1706843440982587606,Ice-Cream ğŸ¨,seen
199,,7441607123,5362382893141021621,ezğŸ¥€ Sad ğŸ˜¥,seen
200,,1617397934,8738350057022567586,FUCK YOU,seen
201,nii_zento,6324361267,5328123402905767366,Zento Nxi,seen
202,,5945141434,-3321191280980667409,LY,seen
203,Yuri_ayatooooo,6112363030,7149423350419428563,áƒá»á“ á…áŸá“áŸ’á‘á“á¸áá¶ 10A ğŸŒ¹ğŸŒ¸,seen
204,,7151502702,407649549555174861,,seen
205,VETLYZA78ZlN,5046262651,-991574666491844776,ğ‹ğ˜ğ™ğ€_ğ—_ğÃ˜ğ˜_ğ™Ã¯ğğŸµ,seen
206,Onyx_lucifer,6363468311,4941703324653174290,Lucifer (à¸‡'Ì€-'Ì)à¸‡ å°è€å¸ˆ,seen
207,therealjoe10,1633308881,-2911088892213462316,JOE,seen
208,,6523703991,-993737056875923447,ğŸ‘¤,seen
209,,5846881942,-6839066998343185383,PlCH,seen
210,Livewithmyparents099,5383001835,-5168785842431602998,á”á»ášáŸ á˜áŸ’á“á¶á€áŸ‹,seen
211,,8041781049,-3078332059689899709,NHAN LY KAAğŸ¦–ğŸ€,seen
212,,7772471734,-3466399494349266677,á´á´‡ á´‡á´ á´‡ÊŸÊÉ´,seen
213,moonieeeeeeeeeeeeeeeeeeee,6419953062,-6882318296243484355,Jacky,seen
214,,1748306637,6956646209498385529,Cena,seen
215,,5533429887,4902925204974619230,Chean Nat,seen
216,,6806974266,3312889158942993074,Roy.,seen
217,Nii_NEED_ZONA,5092731720,5940996586892746697,Chhing Nii .ğŸ¥€ğŸ€,seen
218,,6587972013,2860260033905636427,RATH ğ“…¿,seen
219,OunJing121,5383852453,-6762961101903038474,ğ‘³ğ’Šğ’Š ğ‘±ğ’Šğ’ğ’ˆ,seen
220,,1032274670,-3147273593641029863,Nang Channy,seen
221,,1482356807,5398718875854884432,Pijet Rany,seen
222,RemoveURLsBot,602731459,5478574490273280783,RemoveURLsBot,seen
223,,5995147060,-4078968889654350254,RATH ğŸƒğŸ˜‹,seen
224,,5153328961,7381714627537228008,ğŸ·,seen
225,pplerjgkonmiay,7939001880,7128804011878286047,.,seen
226,moonsmey1,6084346340,3408965587930642396,á¢áŸ‰á¹á„ áŸá»áœááŸ’áášáŸáŸ’á˜á¸ ğŸª·,seen
227,,1998068988,3311312397242904248,Jack ma,seen
228,,6192303525,-4325493228980669733,N,seen
229,Reach_smos_sne_jea_muy_o,1299214406,-4967969638169344521,Reach,seen
230,ing12435,6473885250,-2943879701519291421,Ing,seen
231,,6447244962,-4923257832818780044,á”áŸ’ášá¼ á”áŸ’ášá¼,seen
232,,7427184097,5472216577152515074,Kind ğŸ˜,seen
233,,2048167317,625255068825650098,,seen
234,REAKMIDD,7232085855,-373044498604457366,ğ™ğ™€ğ˜¼ğ™†,seen
235,,6193442208,-2936680448576983351,Van Chhiv,seen
236,Yaa_smoss,6667105231,-1786873996593631392,ğŸ…,seen
237,,6055630306,-8262534107470596834,M|Ã«yğŸ¤ğŸ€,seen
238,,6942051152,-8729886452568271278,á¢áŸŠá»á™ á¡áŸƒáŸáŸŠá¶á„,seen
239,,7315183261,-7376244937400053397,Tg28,seen
240,,6081803213,-1652137365867532748,á“á¹á€á¢á¼á“,seen
241,Sursdei,1620386758,-7522759610106200325,VO Ph,seen
242,kayususai,6335477054,3530158028006384581,Yuna ğŸ•·ï¸,seen
243,Eiii_yaa,6084946298,-6063460958471135861,YaağŸª,seen
244,Namvan18,7035048236,-750269122125099358,ğŸ’œá€á¼á“á”áŸ’ášáŸ‚áá€á¶ááŸ‹á–áŸ’ášá¶á™ğŸ³ï¸â€ğŸŒˆ,seen
245,Bebzbenz12,1107428139,6809754849015473353,Benz,seen
246,,7685168593,-2068130245276396172,C. MICH,seen
247,VireakChan35,7794721934,-1109823095061384961,Vireak ChanğŸ‡°ğŸ‡­,seen
248,Salim118kh,7772883818,2010739781325602523,Sa Lim,seen
249,Phillip12345678901,7356648196,-1997089557432665531,á áŸ’áœá¸á›á¸á”,seen
250,onlinebatgb,1512942390,568292094439686212,Embran,seen
251,,6727904785,-4998526845478370752,á“á¸ á€áŸ†á–á,seen
252,,7943381380,-1182049476114270819,To Ro,seen
253,vdcgbbhnjkmk,5565871326,1181753198009878508,TK ZinğŸ˜ğŸª“,seen
254,,5704684924,9051299496817589736,Kong sonita,seen
255,,7349597600,3433653671231416248,MÃ«Ã¿ Single ğŸ’,seen
256,,7565573952,-5887581085839022609,P,seen
257,Call_mebbe,6361395147,-1493642050284872026,Khoch Jit,seen
258,,6266937163,-1684453845347331815,Ra Ly,seen
259,,1224179537,-3372674437290886723,áŸá»á—á¶á–áŸáŸ€á˜ášá¶á” 0969400644,seen
260,AhhMilo,1232613618,4777397784627359155,Milo â¤ï¸â€ğŸ©¹,seen
261,borntosmos,874262205,-6538570638705188700,Net oudom/á“áŸá á§ááŸ’áŠá˜,seen
262,Ly_mota1599,7416908195,5748830526579850521,LY MOTAğŸ»â€â„ï¸ğŸ¤,seen
263,,7100059075,5800554546697389450,LY MOTAğŸ¼,seen
264,,6221170037,1390540565894539840,J ã‚£,seen
265,,5870016042,-7194660473986532745,PU Ra,seen
266,Jo_0955,5275532427,-2039266949378459138,Roth smos in the world,seen
267,RITH_VAVRP2,6427202517,5273762864091295018,ğŒğˆğ’ğ’ ğ‘ğˆğ“ğ‡ï£¿ğŸŒ±,seen
268,kon_dngkuv_cute,5488470035,-3676679970830562732,ğ½ğ‘’ğ‘’ ğ‘˜ğ‘ğ‘â€‹ğŸ›â€‹,seen
269,,6420566878,-1378521306222900277,ğŸŠ,seen
270,Isbellabellaa,5907184471,-5283104587761811226,YuBella,seen
271,,6761507475,-1997671324356310708,4U,seen
272,,6267094719,-6539973834564772576,á¬Šá¬ Vutha Somaly á¬Šá­„ê§‚,seen
273,,1918119611,-4386077516801595878,S7T_áá¼á” áŸá»áá¶ áœááŸ’áá¶_Nhen Sory,seen
274,,1934795388,-4746036072630977529,Ok,seen
275,,1689671507,1054659364884370269,Dara Rithy,seen
276,,362634361,2060640431842146355,HO NG,seen
277,,1817611039,2605177402646397421,áŸáŸ†á”á»á“ áœá·á‡áŸ’á‡ášáŸ‰á¶,seen
278,Visalhorng29,5308382966,3590347352478682603,ã…¤ ã…¤,seen
279,TRY_KO_JO,7330203633,-6197739549653060400,Sophem Lizza,seen
280,,1496316647,-5687208833068059166,á›á¹á˜áƒá¸á“ (á”áŸ‰á¶ášá”áŸáŸ‹áƒá¸á˜áŸáŸ’ášá¸á›áŸá€áŸ’á),seen
281,Ghfbnhk,1714263335,5289138250829388466,CHHEN KUNG KEA,seen
282,,609277922,4656491832438141511,Oum Heoun,seen
283,,714899300,-6377391012887461819,á›áŸ€á„ áŸáŸ’ášá¸á“á·á…,seen
284,Oeng_Hort,887454280,-8044290573851877490,Oeng Hourt,seen
285,Yunnaashue,889445558,87429759710729536,Xuayun,seen
286,,950255135,-3424035682509364503,ğ“‘ğ“¸ğ”‚ ğ“—ğ“®ğ“ªğ“·ğ“°,seen
287,Sep2508,2130509589,3105182485455097724,Zan,seen
288,,690205050,-5486503185415678941,Dara,seen
289,,5410431793,-4268754935278300191,å¼€å•ŠğŸ,seen
290,,893583165,-424374510005788597,Tomratha Ratha9999,seen
291,,665233001,-7853283965667537089,Solika air 91.50mhz,seen
292,,1043936400,8900093027779168068,Kitnarak,seen
293,,1216612133,9223150621515206617,9A1- á’á¸áŸáŸ’ášá¸á–áŸá‡áŸ’áš,seen
294,,1990078631,-2571008666296667940,Viz Kada,seen
295,,387087825,3072386955425670080,Manith PK,seen
296,ounka0,1724783791,7151452867984514362,. .,seen
297,,6802138996,-7792178733081113037,Juui Zin,seen
298,WaTh668,777050778,-6345946315510105499,Long Vathana,seen
299,,1622596012,-9035235094141410359,Po Thy,seen
300,,764346514,8054854389131710977,á”áŸ’ášá»áŸ áŸ,seen
301,,1973509190,-5231322211399489051,Borey Seyha,seen
302,,7106975700,8255625274801606730,Juan Martinez,seen
303,,5539613793,-4141538647236534923,Li yang,seen
304,Justluvvid,6494037671,-1776893717877602699,Ranit,seen
305,,1709555809,2700315463850910676,,seen
306,kdey2002,1714854273,-2414513807793106992,Eal sopheakkdey,seen
307,,1327275563,-4195122095617383073,í„´ ë‹¤ë‹›,seen
308,,894516587,-4394558119135681839,á‚áŸ’ášá”áŸ‹á™áŸ‰á¶á„ááŸ’ášá¼áœ á”á¶á“á•áŸ’á›á¶áŸáŸ‹á”áŸ’áŠá¼áš,seen
309,Naza_da_05,1106150020,-1044132670038243169,Naza,seen
310,Yinwei66,584027584,135833527755103185,Wei Xiao,seen
311,,5595833024,-5397639484111309457,,seen
312,,6313900708,-8635385818545848345,PÃÃ DÃ„ÃÃ â˜¯RÃ‘âœŒï¸ğŸ«µ(â Â Í¡â Â°â Â Íœâ Ê–â Â Í¡â Â°â ) ê“ƒâ  (Í¡â Â°â â€¿â Â Í¡â Â°â ),seen
313,,1056703078,197084896913454252,â™¡ğŸ¤ é•¿çš„ ã‚·ğŸ¤â™¡,seen
314,,683672998,3690165189863497794,penh rorth 33,seen
315,Senghoutly56,1078245928,848620843499453906,Ny juju,seen
316,,1372965587,-537265449562769164,Bong Tola zin,seen
317,PNFinance,972033720,-5970647147357993997,PN Finance,seen
318,,1740932590,6214629311620407719,Raaaaaaaaaaa,seen
319,teddy75665517306,1844280941,6464810498805265199,Noe Hunter,seen
320,,421375474,-3077674808768232969,Si tha,seen
321,,1051258926,2344404016184834768,Chey Rithy,seen
322,Meaahlob,1138502498,3140541631248418377,á•á› áŸáŸ€áœá˜á»á¸ æ½˜ç§€ç¾,seen
323,,2077446061,-6134139194451533778,.Yurina,seen
324,MochitA7676,5843301772,-1225683562624182535,Moch,seen
325,chi_chi17,7796470610,-8002733288767813419,Van Lychi,seen
326,A_B_E_BA_4M,7533972222,839095875284190330,ğ€ğ¤ğ¢ğ«ğš ğ’ğš æ”¹èœ ğŸ‡¯ğŸ‡µâš¡ğŸ‡°ğŸ‡­,seen
327,fafalili12,782049893,-8308778082598934437,JÃ¹ ÅÃ¬Ã® ğŸ¦‹,seen
328,,634445271,4449493122901459472,Lav kimsou,seen
329,pplermeso,7064686256,5301286615604524363,ChÃ©,seen
330,Iloveyouallslnhot,8063077973,-3800592122040518280,.,seen
331,,5163756971,-1045689641032724093,Jackson's.áŸ›,seen
332,,5552661775,1023491343900745592,abcdxyz ã…¤ã…¤ã…¤ã…¤ã…¤ã…¤ã…¤ã…¤,seen
333,,1201076216,7501282140213509924,á…áŸ‚ á“á¸,seen
334,,6054481137,-4517125684929585146,Pich love ğŸ˜˜ğŸ’•,seen
335,KVN511,575069492,413661083020669310,Kong Vannin,seen
336,,1953586721,-377555925070215809,Ah Thy,seen
337,,1724156591,1612410858744550442,á‚á„áŸ‹á†áŸá„ áá»á›á¶,seen
338,Hout_leangheng,391501938,6395132246303692761,Hout Leangheng,seen
339,,631296997,-6492270943703534031,Meng Hout,seen
340,,739319478,-1726839048732316571,Bong da,seen
341,,986624445,-6402203346560317874,Ven Somony-áœáŸ‰áŸ‚á“ áŸá»á˜á“á¸,seen
342,,6035855580,-6789213124766364983,,seen
343,houy_59,5480199456,419823263749225093,.,seen
344,Karakikilu,1161701970,5336366507331570432,á‡á¶á˜á€ášá¶ (ra)ğŸ€,seen
345,Hengz_1122,6981754789,-7053864787291246853,Peng Heng,seen
346,sushidunlie,1364555285,2259420768544943194,sá´É´Éªá´›á´€ ËËŠË—,seen
347,,1595700935,-2728922478618117733,Hello,seen
348,,1841818542,4224811559633350931,Mrr HoungğŸ˜,seen
349,SinetNetSmile,1643916544,-6659505510358529383,Net Smile,seen
350,Thai_siv,1351310430,-7670452346057847625,áŸšášáŸ‰á¶áŸšâ™ï¸ áŸšá™áŸ‰á¶áŸšâ™ï¸,seen
351,,7726495785,-8035887859851403559,VÃ ,seen
352,,2139250057,2820493237052865862,Boy Sad ğŸ‡ğŸ“,seen
353,,5241947594,5297746727055460092,Love Me,seen
354,Lyza9900,5905299295,-8910607738903417227,Z'deth,seen
355,,913725460,-5001786349070021253,á”áŸ’ášá»áŸá€áŸ’á˜áŸá„ áŸáŸ’á˜áŸ„áŸ‡áŸáŸ’á“áŸá áŸ,seen
356,,993139685,6997193103840126197,ğŸ˜Šâ˜º,seen
357,,1106130828,-8014933538682238683,áŸáŸ‚á“ á”á¼á‘á¸,seen
358,,1119197083,220989827724190737,Vit,seen
359,,1055802822,3025620920754848509,Mean Samnang,seen
360,Mens1596,1625839122,7789897825942316886,Men ã…¤,seen
361,,5672604059,-6121964099803093570,Bruce,seen
362,B0NGBATH,632350224,6614333378233787703,Pet Sombath,seen
363,jackk_luvvu,854318176,6942300941550193233,BoThh,seen
364,,1022389932,4715158086077933335,PHORN SOKANHCHRITH á—áŸááŸ’áŒ áŸá»á€á‰áŸ’á…ášá·á‘áŸ’á’,seen
365,,5520315914,-3843048801836478091,Bun Thoeun,seen
366,,5648806890,-8090453602519520954,LOVE you,seen
367,Nouci,134745284,-2397730600520958298,Noelia Aguirre,seen
368,,230461474,-6921949561410713669,Nhean Pun,seen
369,Bunchhek188,345031571,-148221138459495967,Bunchhek á”áŸŠá»á“ á†á¹,seen
370,,5129460244,2706654491800673701,Mavi Mavin,seen
371,,6744720051,4975868535188676827,Nak,seen
372,,510573417,-4789569783640278854,C ^_*,seen
373,,336771310,7657024469428041343,á áŸŠá¶á„ ášá·á‘áŸ’á’áŸá·á‘áŸ’á’áŠáŸ’á‹á¶á“ ( é»„æ€å— ),seen
374,,393048768,162275207903787023,á›á¸á€á‡á½á™ á‘áŸ’ášá¸ á—á¸,seen
375,,445516873,-6287410340221103556,Vuthy Khen,seen
376,,516357333,7435317836696384875,Seilavi Bol,seen
377,Samoundanh,606674360,-546347123620954199,Sam oun,seen
378,,607297953,814925448868392536,kheang,seen
379,,608180195,-5097488855648988085,In ya,seen
380,,1228890179,-6432010384931865319,Heng,seen
381,lin_maLizz,6520211772,4070600541481171223,Ba Bu áŸá˜á»á‘áŸ’áš á¥«á­¡,seen
382,Hello_Lii1515,1365573789,4571085597538594542,SG_075 å•Šåœ†,seen
383,Pich_sloy_sloy,2022396939,-4419103654787174223,kairi á›á€áŸ‹áŸá¶á…áŸ‹ dog á“á¶áŸ†á…áŸá‰á–á¸ áŸá ášáŠáŸ’á‹á¢á¶á˜áŸášá·á€ğŸ’€ğŸ¤,seen
384,,486190043,8349074881783028821,Chan Tholl,seen
385,Sivanna99,7198408021,-488860302047955479,Sovan Naa,seen
386,somdeiiachmasgirlmukjkea,6364731116,6309062275082647706,Mali Jane ğŸ¸,seen
387,Srey_Noch_08_01_96,854890867,8839786852422523339,á‘á½á“ áŸáŸ’ášá¸ á“á»á…â™‘ï¸ğŸ¯â™‘ï¸,seen
388,,1972487402,8789019558294451696,,seen
389,mssthirty_4,1120199470,-10091930473604541,Rath Sreymeas,seen
390,Sienseange,1333033436,-8612204644191155987,Sien SeangY 9942,seen
391,Ting_ning_os_morng,641079788,7864267871672204754,NÃˆT ğŸ§¸ğŸ’™,seen
392,Xie_ching,902660857,-8306969523797773609,Ly Ching,seen
393,Ru_Zo008,6245530126,2337167027907194948,ğ€ğ¤ğ¢ğ«ğš ğğğ§ğ§ ğŸ‡¯ğŸ‡µğŸ€,seen
394,lucyanaa0,5771728113,3814714086256677344,Rasimeng 785,seen
395,,2116481706,7111386059259726460,SwagSok Naruebet (áŸáŸ’áœá¶á„áŸá»á áá¶á€áŸ‹ášá¹á”áŸáğŸ’€ğŸ¤,seen
396,,6104608353,5973099252926568987,Vir eak,seen
397,,357574625,-4633890801934153926,Swaine Ly,seen
398,,1035487194,-9113116203389720109,Go Jo,seen
399,TingKlib,6905824519,-6753034336276254208,BÄ“ly PÅr,seen
400,,5016873022,2293715821313226857,,seen
401,,5646531910,5736330367607172607,Ra Ra,seen
402,,1430118150,2139062831479457433,oun Sophy,seen
403,sasapech,1470058702,6649967673840496900,Sasapech ID0071,seen
404,Rothna_x_you,1542491238,-6814437437547280179,áŸáŸŠá¶ á á»á„,seen
405,Pich251,1125327029,7029095785132002204,å°çº‚,seen
406,HongZz168z,5499869382,2596588521168762089,â¤ÍŸÍŸÍğ™ƒğ™¤ğ™‰ğ™œğ™•ğ™¯ğŸ«§á¶» ğ˜‡ ğ°,seen
407,Hutsreynit168,6817228404,4205522378894055369,Hut Reaksmey,seen
408,,6712692366,1892561830282776925,Elysia,seen
409,Slkemenng,1666854291,-5216615674707402022,zen,seen
410,,6337602339,4701780555541151893,ğŸ¤pu Sreangâ¤ï¸â€ğŸ©¹,seen
411,,8189647372,8108332848327439867,,seen
412,,1296663828,3138325573980848825,THA-MIXğŸ¤”,seen
413,zeyzul1204,1461295655,-3071897392446022575,Ä˜Å™Ã­k ZÃºl,seen
414,jazzy_catt,5284473288,8703918417580879707,Mzchii ğŸ«Ÿ,seen
415,,5937415977,-6663504371941225613,Nhaaaaaa,seen
416,,859112597,791495880677373273,,seen
417,,1769999027,507139757287591845,Black Ninja,seen
418,,830345660,208496472483722933,á¢á»á¸ áœá¸ášáŸˆ,seen
419,Rizen6666,635669495,-4974345279749143426,RizenğŸ,seen
420,,6209610728,-4309244730537610652,Ra Ra,seen
421,Alone_isthebest,2041634839,-1055071310543479052,NÄ“mÃ¸ âœ§â *â ã€‚,seen
422,Rk_anh_tver_ey_puk_animal,1657495901,8980657790617255341,áŸáŸŠá¸á„á áŸ’á‚á›áŸáŸ’ášá¡á¶á‰áŸ‹á”á¶á“ğŸ˜˜ğŸ˜ğŸ˜œğŸ˜‡ğŸ™‚,seen
423,Jg_mix_Muy_anh_kor_Ban_Dea,1512897996,7201465922562154683,á‡á¼ áá»á„á˜á¸á‰,seen
424,,6339305989,-3058160341338756173,Tuzzy,seen
425,,6783712548,1372080419640844553,Im Smos,seen
426,x_20204,7080648135,5253659066419353663,å°æ˜,seen
427,BongthenaXxnxx6633,7619645439,-77841068101145848,THENA BTB,seen
428,,7412233185,-7053024591992667785,Sá»¢Sá»†Rá»„á»´ Bá»˜T,seen
429,,5656190196,4873273515642568423,á”á„áŸšá€áŸ’áš á”á„áŸšá€áŸ’áš,seen
430,,5717467644,-7533827122848552792,á á· á‚á¸á˜á á½á™(10D),seen
431,,6128478473,-2127109505218795961,,seen
432,ravydesign,639978073,-6125391546963288113,El Ravy ğŸ°,seen
433,,5419594909,-5561667946130905192,Raa,seen
434,teykmengchkut,5169150468,-2730920777612181368,Teyy,seen
435,,5171123427,7236080187657163668,Soeun Monika,seen
436,Rith_Sodevit,1035444763,8620465394165107321,Da vit,seen
437,,2028814341,614819906571998512,Alex Nat,seen
438,,6186087459,-1719570611982414429,KHim So khim,seen
439,,6241422567,-1045288486943864534,,seen
440,Yinmalis,6234269120,4128942130970886956,Yin Malis,seen
441,Sl_nh_phg_mers,5384361879,-1172305248411021243,Hiezband,seen
442,,5647579767,956132618412144077,Raiko,seen
443,,2134312345,1572299447260096920,Bora Ly,seen
444,,6559813120,3960664571326219191,Oun Leab,seen
445,,7013201642,8606739576938940959,Jem,seen
446,,804670238,-4879413148618355938,Ana,seen
447,,869868930,8592984147125955139,YaLin Queen,seen
448,,7758717565,-8349809504379947928,Annie ryyğŸª·,seen
449,KduengRuy,7075583778,-7743599923383372605,á€áŸ’áŠá¹á„ ášá½á™ - á‚áŸ’ášá½áŸá¶ášášá¸á€ášá¶á™,seen
450,Tragjd,6429279513,1471475646968792416,SOM Sovichit,seen
451,,5043903293,5549669399047411121,David,seen
452,Heng_Bosssssss,655736612,2125239967628196378,HENG TOYs ğŸ§¸,seen
453,,710764090,2558189515448954738,,seen
454,,1633496651,-7269912781768354398,,seen
455,Oun_akara,1775734563,-6548086115498814151,Ra FuuZz,seen
456,a_ki_neng_ki_ki,8014311118,7522352996934759766,Neng Neng,seen
457,,1110897643,3554721102409799273,Chay Sreypov 0965565599,seen
458,chhysavath,1776184349,4459910974770267223,Szu,seen
459,,1829760295,-1163272728767179672,Lucky $X,seen
460,,5867428207,-1485807395923452095,So Khim,seen
461,,2029840251,-7515200013056439347,Mey MeyğŸ™‚ğŸ’”,seen
462,,938009858,-7406954703436278373,SAI SOTHEARITH,seen
463,Porporjeaksloy,1266042299,-4013527184030506248,Por,seen
464,Mojuu882,7089961251,-2062144358849128730,Mo juuğŸˆğŸ¥¤ ğŸ’,seen
465,kaleona030422,1857226487,-3210249845469133274,Kanika ğŸ«¶ğŸ» ğŸ€,seen
466,,1862788813,3234632332549873409,,seen
467,juikneaehh,1984594369,-301474912040046380,Lakkyy,seen
468,,589844003,8661642019545950569,,seen
469,,5747385570,8547646846865215113,ãƒ›ãƒ³ ãƒªã‚¶ãƒ¼ âœ¨ğŸ–¤ğŸ•·ï¸,seen
470,sokselaa,1829478244,5795918176440835803,SOK SELA,seen
471,Rammkcd,7289588860,-9183766330023070227,à¼†ğ€ğ¤à¼†ğ€ğ¤ğšğ¢à¼†ğŸ’•,seen
472,,928693221,-6165369270590761118,V,seen
473,,2040806449,-7646131725899550101,,seen
474,,5108517243,-7046520042551444326,K,seen
475,,1251127646,-6148509743568204191,,seen
476,Lululu_56,1330583211,-1378087961290837461,Shaki,seen
477,,185793807,-7836264466968178388,á™áŸ‰áŸá á™áŸ‰á“,seen
478,Rganhjivitanhh,5692922364,-3569746643102319499,â€” YÏ…eii âšà­¨à§,seen
479,To_Ta1111,1921353478,6417227220855128869,Mo Ly,seen
480,,1002749563,-6769306148995308181,á’á¸ á’á¶ ášá·á‘áŸ’á’,seen
481,,1946621201,-9106644799599509050,Lie pinn.,seen
482,,1050904786,8024634208804177672,Thy Somaliz 9A,seen
483,,1520209431,-2910769107558084440,,seen
484,Saii_Jeftttt,1530388093,5515908680208215652,Zyosyn Aera ğŸª¬ğŸ¤,seen
485,,1627812396,4999713709383379508,Heab Jing,seen
486,,1679789237,8358036268509362971,,seen
487,,7780468847,4766286078651433312,,seen
488,jhangmeijing,2041866329,7638462771322475616,Meii JÄ±ng æ¢…è,seen
489,,1761820647,-6077145828049006117,áá¼ á”áŸ‘á»á“á›á¶á—,seen
490,Ayzennnnnz,1924447034,-5615605764224206344,Boooooob,seen
491,,1933375254,-7180180919587132709,áá¶á“áŸ‹ á”áŸŠá»á“áá¶á›áŸ‹,seen
492,,2008709500,4546311746406590501,She Bad ğŸ¥€,seen
493,,963580803,3294207281118106610,,seen
494,,1680338545,1266015201557322577,,seen
495,,997475637,-8287616495885754057,á áŸƒ á˜áŸ‰áŸá„á áŸá„(Hai Menghorng),seen
496,Vathana_lanh_bb,7273274992,7009306836750912846,Mss: Vathana ğŸ‘·,seen
497,,995173505,7243717643199576364,Long,seen
498,Pov2837,885554937,9071947539109562466,Pov chakriya,seen
499,,785447366,4046718931908312966,Phy Tong,seen
500,Mxo_rxa,6022818724,-914650445067735655,MÃ¸ RÃ¤ ğŸ§¸ğŸ¤,seen
501,jeemey2000,6055022018,7417872541107867871,Jee Meyâ¤ï¸,seen
502,Jimmy_jusy,1898676066,-8528782902164675489,á…áŸ‚á˜ áŸá»áá˜á¶á“,seen
503,,6137884526,5687537192757852628,á˜á“á»áŸáŸ’áŸ á›áŸ’á„á„áŸ‹,seen
504,Theara_iskingg,7915474645,-4330597321779368818,Sakira,seen
505,,5088287194,-6934193721509720024,Ka Wa. ğŸ­ğŸ,seen
506,,6793482248,-3539569854018843471,,seen
507,jg_mean_sgsa,7253713804,-7404567544028765381,Na__NağŸŒ¶ï¸,seen
508,,629933877,5857077230801191577,Kong Maly,seen
509,,7479461583,3606225991923605480,NA SARiN,seen
510,,1888959820,-5791753522110935167,sakada Rong,seen
511,ReakSmeykikilu,1815298853,5806199391393880818,Ny ReakSmey,seen
512,hytheiii,5458640886,-1780437529850166518,LF,seen
513,PavJee,1827815405,8276083122025210075,PavJee,seen
514,Caristhebestforme,5147042313,2906569345501046260,á‘áŸ†á–á¶áŸ†á„áŸáŸ’á¢á»á™,seen
515,konkme,2024901171,4798784880578505133,á ááŸ‹á á¾á™ ášá¿á„áŸáŸ’á“áŸá á¶ğŸ’”,seen
516,reaksmeyek,5543155592,-3581910439824644756,Reaksmey Ek,seen
517,,7492827303,4838418970046395179,á€á¶ á‘áŸ’ášá¸á,seen
518,Zenzz_no_cheat_no_bretray,1975122466,-5447246156280123365,Iâ€™m ZennğŸ’‹,seen
519,,7036070868,7018176673983718996,,seen
520,,6978953898,-8898586133066358045,Fii FongğŸˆ,seen
521,vannara_ch,611713841,8244989938679255677,VANNARA_CH,seen
522,,6217217708,-7798413771366891650,NA Bo,seen
523,Rakvan123,489199716,6041543202089963265,Chou Vannak,seen
524,,7968982846,-7725191529220044756,Pho Brathna,seen
525,,535165724,2377772737241643654,Pisey,seen
526,,458145830,3975569260642880847,LOREN,seen
527,,6931651523,-4194953005933656455,ğ˜‰ğ˜°ğ˜º ğ˜›ğ˜¢ğ˜¬ğ˜¦ğ˜°ğŸ¥€,seen
528,,5806910866,4373884613339925954,,seen
529,doslenghx,6803911224,8285718832020150505,Nita,seen
530,Ggwp7777,1204252344,-5941237955843809118,Kliz,seen
531,,5537708618,6807102134235422954,Mo so,seen
532,,1953231233,-6401308493083863177,,seen
533,,1732770359,29969769416569474,,seen
534,,126181333,2259492243577523195,Sareth Has,seen
535,VidMaria,5085669390,2477592752721741246,ken kaneki,seen
536,Bai_lu629,6537826211,1369796583972858650,ë‚™ì˜ â‹†Ëšğœ—ğœšËšâ‹†ğŸŒŠâœ¨,seen
537,,5853038555,8929251026029284743,ğŸ«¥,seen
538,zhihai123,870060363,4154814581142120672,CSL,seen
539,sim_niya,1785003477,-7291914825568322765,SIM MARANI,seen
540,,2085443559,4325423832449464304,,seen
541,,6797022746,4035683168074000955,Vi Sal ğŸ¸ğŸ¤,seen
542,,1446219968,-1183487803499953507,Yu Yu,seen
543,,1459711662,-9072053664009300166,Braksamon pisey,seen
544,,1476399740,-4973908680963019549,,seen
545,,750230561,-6900778620252091312,vansoeun soth,seen
546,sam_rathanakvisal090773762,2023355008,7568940892874384643,SAM RATHANAKVISAL 0968254691,seen
547,rorn_lysa,7750784125,-1611550914486771247,Sha,seen
548,manun_sophea,5819021313,-6622155440766076753,Chubbies.,seen
549,Qwertyu2898,6326641845,-8823440614455548389,NA NAğŸ¥°,seen
550,eourkaka0900,852813403,-4103262994071575195,Oeur Chandyka,seen
551,Prince_M_O,211511248,1503131853892579773,Moamel_Alhar,seen
552,,5234684286,6582836502269777564,E-TÃ¸NaNa,seen
553,,5741805206,6593008990067285527,,seen
554,,7596690388,-4434231115791737595,,seen
555,,6974593351,7403971103259823559,Srey YAğŸ¦‹,seen
556,,162798521,-2431696671601593598,Bunlen Sreu,seen
557,,5034899003,-6901837446896118832,Mey Ra,seen
558,,1787834792,-1422596970825093624,,seen
559,Tell_016402209,7683576916,9057482381776026510,RanoxğŸ˜ˆ,seen
560,RaCT_RaCT,6597650037,7828505253248371323,LÃ¶ Ã‘gğŸ¸,seen
561,Trueman_2012,478396371,6912130756036321556,á˜áŸ’á…á¶áŸáŸ‹á•áŸ‚á“áŠá¸ ğŸ‰,seen
562,,6056256742,-8140372480849844000,Thee dadett,seen
563,ww_Genji,5783442023,2623966781645410839,Two_Finnn,seen
564,,6959113538,-5765647614866615793,Sey Ha,seen
565,Mey_alwaysmos,2086260676,1217287209671985834,MeyğŸ¤,seen
566,Nak_Mo_ka,7256364040,-8864199202932752411,ğ§ğšğ¤ ğŸŠğŸŠ,seen
567,Alwaysbe_M,1077909138,1036759770616715349,Mark D WaterlawğŸ¬,seen
568,,1593081785,-3945605997690847278,.,seen
569,,231793376,-2602899572899340617,á“á‚ášášá¶á‡áŸ’á™,seen
570,,1862540626,-5816717150191375253,,seen
571,,6554750564,-5578825958542038877,Yort,seen
572,,2004121231,-7503881304786567327,,seen
573,,7914475233,6463567655259067810,,seen
574,,1722357209,7658792475558453686,áŸá»áœááŸ’á áŸáŸ„á,seen
575,Chunnfahun,1904154748,4743254680553658091,Chunnn Jovfa,seen
576,Dk_Vkla,1649525664,6668174474126469469,æ”¾ä¸‹éå»ï¼Œæ”¾ä¸‹æ‰€æœ‰ç—›è‹¦ï¼Œè®“ç¾åœ¨æ›´ç¾å¥½ã€‚è®“è‡ªå·±è®Šå¾—ç¾éº—ï¼ŒåŠªåŠ›å°‹æ‰¾å¹¸ç¦ï¼Œå³ä½¿æ­¤ç”Ÿå­‘ç„¶ä¸€èº«â€¦ğŸ¤â¤ï¸ğŸ©·,seen
577,,1891883552,7670235674648223085,Rithy Seav Ly,seen
578,,1138802655,4322950941482903268,áœáŸ‰á¶ á‚á¸á˜á á»á„,seen
579,,1622884024,6704772757350906591,Joong koo â¤ï¸ğŸ˜,seen
580,,5454929640,-427993534641170961,,seen
581,Angela_63ln,7725299407,-7930306657458719722,Sangay Namgyal,seen
582,,1675477380,5436721941829284018,,seen
583,Seyha_kmeang_Slot,1844061963,1750338374707742878,áŸá¸á á¶,seen
584,,7598020744,7195937784045803373,,seen
585,,5364848178,3424068046263315024,,seen
586,,5325460708,8509099611347705457,,seen
587,,2140812745,-6722907063231186652,Fiee Yuu,seen
588,,1421393351,-9014616576874367567,á˜áŸá’á¸á˜ á“á¶á‚á áŸ„áŸ‡ ğŸ²ğŸ² 168,seen
589,,7981831861,3944057278856808155,ğŸ¦‹ğŸ”VIPğŸ”ğŸ¦‹,seen
590,,2121679365,-7899047615702632565,Ni ka,seen
591,Jelaa33,843858051,-5536371018311201169,Keo Chhivheang,seen
592,,1883076956,-6239039538684837470,,seen
593,,5468443637,-2676503080228974256,Sok Chea,seen
594,Sak_Faa,1761890211,279062293721379259,ğ’ğšğ¤ ğŸğšâ™¡ï¸,seen
595,,7386716044,4602209445826235097,á‡á¸áœá·ááŠá¼á…áŸš á•áŸ’áŸáŸ‚á„á”á¶ášá¸áŸš,seen
596,juu_lyyn,1891059014,8308330959157485466,Jumie,seen
597,,1102225582,241464674308889218,Kitty,seen
598,,1627729393,-5480614179576547552,So Khai,seen
599,,1344612111,-8322595425413936383,Mom Sunny,seen
600,April_998,1011985167,-4829949953032358379,THAA,seen
601,,5356348169,-675016289126200142,,seen
602,kdmha,1954998954,6665583958048074112,An Phirun,seen
603,,2093003633,-7682874106890402171,,seen
604,P1panha,2128753654,4720101195937667333,áŸá»áœááŸ’á á”á‰áŸ’á‰á¶ 11CÂ¹,seen
605,,1760301040,-2998894019569366183,Mey â£ï¸,seen
606,,7125657697,-1091295973501615291,Ly Heng,seen
607,,1232043273,4434778024934341111,,seen
608,,1913991476,2394971920863216790,Prak Sokheng,seen
609,,5380557464,1661652804681960835,Kao Day,seen
610,,7192956835,1801255190454115326,Ching chang,seen
611,,1851253930,6752860236366634777,Teyy,seen
612,meinevercare1,1400937102,1284826997862379894,Mei,seen
613,Ngnhsmosjhg,5100692533,-7732381779884771280,ğŸ²,seen
614,,2045470339,56617947585435371,,seen
615,,7398893461,-685295733647696897,MalynağŸ£,seen
616,,7672933715,-329299709900514621,19,seen
617,,7405379439,-4702507661199910778,Boy Loy,seen
618,Tepsoknimol,1648237312,5645161143950317830,Tep Åoknimol,seen
619,,5787251668,788196523383413950,sÃ«Ã±Ä YÄ©Ä©,seen
620,,702173788,-6994106687745146021,áá»á›á¶,seen
621,Junn_heng,5244935412,6718698532946158372,Zen Zen,seen
622,,5060280484,490414654962632525,,seen
623,,1487728853,-1649904646805439993,Ã‘hÃ£ BÃ¸y SÃ¤d,seen
624,,5447992206,4253191796800634400,Bun See,seen
625,lubuzou,1726599080,-6595154363885275440,( Fre Du ),seen
626,,6094201897,2051777227554564347,Mii Oun,seen
627,,388829921,3031675071884886187,Ou MengSean,seen
628,,1919410088,4828248738932624550,Nxee,seen
629,,1141864434,-2024594322284972510,ğŸ«§,seen
630,Leemin_jazzcyy,5897813783,-4624657563358676386,Roth ã…¤ã…¤ã…¤,seen
631,,1467129242,9036418486588313278,áá½,seen
632,,2059600457,7328280371845623372,,seen
633,,858906756,-704592433464324239,POV,seen
634,Pinnakim,2018561491,-822858005975552098,Airy,seen
635,,5155408453,-6134848380273109039,Mei (ç¾)ğŸ–¤,seen
636,,5907551460,-6527394630644850472,Kim DÃ¦naağŸƒ,seen
637,LYPOVLOVEYOU,7620298535,4099321134397366170,ğ‹ğ² ğğ¨ğ¯,seen
638,,7196869290,-5800627229371104999,,seen
639,,5619324403,-684357344536767147,Taing Oun,seen
640,,6191131403,7325255316066417918,Rach Rach,seen
641,,5065975502,5319447410903217845,A R F,seen
642,sokdalita_pen,1727891808,-1320139030849544030,Pen Sokdalita,seen
643,,5503349039,-1753127766981869817,Ah Vin,seen
644,sin_1235,5696096402,3071488729743754247,Seng,seen
645,,1886988439,3793581819357875881,,seen
646,koam_samnang11,1579769380,9167230226943968959,Sam Nang å¹¸è¿çš„,seen
647,Ah_lem_mes_gg,5499646097,6102655397813408934,Jasmine,seen
648,Len_smos_sne,1949027833,-743229320579372542,LyyLen<3,seen
649,ly_loveyou143,5365736426,-6092967461092464059,LY,seen
650,,5562373760,8988370823002167230,Sok Pheak ğŸ˜­ğŸ˜¤ğŸ’—,seen
651,LYBEKZER,1789559951,2547545319087869901,Lyyyyyyyyyyyyyyy,seen
652,,5322727896,-7630580724919111572,LIN ON,seen
653,Tranamekoj211288,1382002558,-2997753381477870401,Tra,seen
654,NEARY_SMOS_SNEH,5402645137,2716047491408207263,ğš‚ğ™´ğšˆğš‡ ğš‚ğš–ğš˜ğšœ ğš‚ğš—ğšğš‘ áƒ¦,seen
655,,5219343277,1188885443608177678,Broâ¤ï¸ TheağŸ«¶ğŸ»ğŸ™ƒ,seen
656,Oengmony10,8164338634,-7454997138646096878,Mony,seen
657,,1910986245,4700836023034040721,,seen
658,,1198705824,3529626623807415755,Chantrea Khun,seen
659,,1601231786,5469068689371956002,Bii Na ğŸ¤â¤ï¸,seen
660,,6811060684,-8450574018600659277,Sa ğŸ¦ğŸ‘»(á‡á¸á„á…á€áŸ‹)ğŸ¦ğŸ¦,seen
661,Sexyboy_sengz,6513072984,-8356951601372257389,áŸá„áŸ’áŸá¶ášá…á·á“,seen
662,,6959480835,-7636833924174423494,ğŸ˜,seen
663,you_no_ah_7,1708157143,6567606217732247255,áŸá¸á á¶ğŸª´ ğŸ§šğŸ»â€â™‚ï¸,seen
664,Ryfahhnhammi,7574704749,2195080498659300432,JuLy ma,seen
665,juii_ot_o_o,7317255082,3848634787484501239,ğµğ‘’ğ‘›ğ‘§ ğ¿ğ‘¦ ğŸ‡»ğŸ‡³,seen
666,,5022957800,-4193570207932296859,á•á¶á“ á“á¶ášáŸ‰á¶,seen
667,,6515985020,-2953547617090641013,Ra ğŸ‘»,seen
668,Phithik93,1163770856,7915118548746550561,âš¡ï¸,seen
669,,1163343427,8208973331883074240,YA YA,seen
670,Bath_benzz,6207099408,-5614939041279514576,BATH KDOR THOM,seen
671,,2141761420,8516359381341537369,á›á¸ á á¼áœ,seen
672,,1114090904,8459351630121313860,á˜áŸ‰áŸ‚á“ ášáŸ‰á¶áœá¸,seen
673,,7678688450,-4125934706245338668,,seen
674,,1961289804,2388051545045896749,Vin ğŸ¥°ğŸ¥° á‚á„áŸ‹ áŸá¼áŠá¶áœá¸á“,seen
675,vannara16800,1306675698,2702021327423883110,RÃ¤,seen
676,,5490521015,-7065450623455547751,Ly Moo,seen
677,,5754864291,1280789208469770200,khun Chit,seen
678,Forden47,5909593153,-6121422826183533419,Fong_ .,seen
679,,6061277244,5787149243231926120,,seen
680,,5156667241,-6625868831895517980,Ly monilin,seen
681,,2099334532,7599166176975653804,,seen
682,Eamchhoeung55,1564105338,-1934655856875014717,â‚¬hhoeungz ğŸ‡°ğŸ‡­â¤ï¸,seen
683,Nh_Raa_Smos,6665615415,5299619261841354569,Raa,seen
684,,6924979970,-6782439734477028472,ROSSREYRAğŸ§Ÿ,seen
685,,651699640,-4379411100229890182,Chou kakada,seen
686,,6235377213,5163804224296149934,,seen
687,,5883842326,-6306887556106369890,Ritaa,seen
688,,134848804,2804730963403076393,Rene ROEUNRA,seen
689,Niin_x,6724029360,-2313981872285930900,Niin,seen
690,,99457575,3009589431718973244,23323,seen
691,,1473887859,-8523693815507836076,áŸáŸ€áœá¢á»á·,seen
692,,6726732065,-1271927260302813844,á”á¼ á”á¼ Bu,seen
693,tryleangseang,537604928,6715808585983702684,Seang civil Engineering,seen
694,,5019383883,-7601704701524204519,Duck BossğŸ¤,seen
695,,5994256159,-8587885033165948128,ka..â™¡,seen
696,,2078721596,-7305703508117199097,áŸá»á¸áá¶,seen
697,aon_kdmh_ey,1818091438,-4838279356355735336,ğğ›ğ¢ğ­ğ¨ ( 12A ) ï£¿,seen
698,Lymunnita14,6539984379,-7224798669395165715,Car door,seen
699,,6638915349,-2198668620473235348,Ã‘Ã£ Ã“g ğŸ”œğŸ˜œ,seen
700,,1916906085,-7851566761650095230,,seen
701,Kajeavsreybork,6130398676,-3924206554605725851,Zone,seen
702,,6054755639,-79518601171516886,ã…¤ ã…¤,seen
703,Tuubee1234,7548032603,1189417680729386651,Tra Lampa,seen
704,Jo_pe_no_sis,7758886124,-1672089276621081212,Jo pom pit mesğŸ˜²,seen
705,,7003059752,-283908336117681141,https://www.facebook.com/share/p/mgXy7kYbgkhH4ph4/?mibextid=oFDk,seen
706,,6311418305,-6814849485313332147,,seen
707,,5769734942,541398816733911698,á’á¸ â¤ï¸,seen
708,,5216753871,-2307383742998773312,EmÄ«lxy,seen
709,,1349837970,-6330988022974136635,Panha,seen
710,,929423332,-7202342278323584810,Norn Veasna ( áá“ áœá¶áŸá“á¶ ),seen
711,,6585724698,-5621018213498537168,,seen
712,Chan_tera,6451603890,7625809516230029162,ğŸ€.Chan Trea.ğŸ­..ğŸŠ,seen
713,,5531743200,-3039658226011477849,á€á»á€â€‹ á„áŸ‰,seen
714,zonehour,1461895615,2932541852290412349,Hourâ˜•ï¸,seen
715,kdmahjkut,7618901481,-8673640576174159305,á áŸ’á“á¹á„á á¾á™,seen
716,tobe5555,5655254315,7808499434046996867,ğ’¯â„´Ìˆâ„¬â„¯ÌˆğŸ‘…ğŸ¦‹,seen
717,,2081873081,-2519335423659280890,ğŸ¤ğŸ«¶ğŸ»,seen
718,,5941109128,4300856458260751527,áˆá¶á“ áŸá»ááŸƒ(12C2),seen
719,,6080965529,4525315227982766577,,seen
720,,5846977473,4588886089082910716,Pheak,seen
721,kmengchkuttttt,5200384086,-6613943764201168554,Jen,seen
722,,2128889537,-7845464687113122580,N!T,seen
723,,754186309,-6540573476569907478,á‡á¶ áŸáŸ†á¢á¶á,seen
724,,5346141073,6455411533895830425,VICHKA,seen
725,Tbyyyy_11,1280624893,3580050673572162405,Zaneee,seen
726,,7389639809,-1543894739738545281,á¢á¶á…á™,seen
727,,5841425305,1889451676768691668,á¢á¼á“áá¶,seen
728,,7218710314,-2899386362223548752,Tong Cute,seen
729,,5946079945,6732221651460416608,,seen
730,nunasaan,599033192,5074735781568981226,Sann Lindo,seen
731,,1571194350,259996354083635549,,seen
732,,6872028643,3443717678321532102,á…á¶á“áŸ‹ ášá¹á,seen
733,,6268501241,2606595394619322471,Sa â™¥ï¸,seen
734,,5732390825,-3026242734101019370,,seen
735,SAI_PHANNA,970257472,-5279725005536869383,Sai Phanna,seen
736,,6377907539,1526151002342715657,Ma To ğŸ¤­,seen
737,Badbathythe_bunny,5802121315,7149748345086042709,Sss,seen
738,,7597373679,-5823222996071531336,Hvhvh Jiuhhu,seen
739,,1494083497,4118819166134535680,á€á“ ášá·á‘áŸ’á’á¸,seen
740,Chett_Naa,1500293659,7059847878649065685,Chet Na,seen
741,Hjhbvfth,5810051468,5999709679918771105,RA,seen
742,,5184021691,-5910485598110784572,Chea 23 F***,seen
743,,1042301399,3892928968264860051,Molly Za,seen
744,,5687908400,-6245734884730138159,,seen
745,Pov_Pov_168,1044265367,6711592958839098183,ğŸ’œ,seen
746,Roeurn_nnnnnnn,1711556780,-3299942226742088900,Thi Roeurn(á’á· ášá¿á“),seen
747,,6253811102,4319736619498198486,,seen
748,,1915474168,-3187816470789505378,Nom pav,seen
749,,6312593905,6005802175677048893,ÃŠÃ¯Ã¯ HÃªÃ¤KğŸ©·,seen
750,,5782056376,-822951937256973906,Ahh Semm,seen
751,,7813638618,-6505862900839429112,á”á»ášá¸ á“áŸ…á€áŸ†á–á„áŸ‹á’áŸ†,seen
752,,5685307064,3977007711033936534,PovğŸ·,seen
753,,5570397624,-3102841698500217138,,seen
754,,6879679735,-1964657263464750629,ÃƒprÃ¯l MÃ¸Ã«,seen
755,,1562419384,2991765972202581075,M ğŸ‘¦ğŸ»,seen
756,,6394977596,4327642447460261930,Min Min,seen
757,unknownbot13,5784813741,-6755605346874487654,Pich Reangsei,seen
758,,5283391309,8743298603565726088,,seen
759,,6084745188,-3357217299942064254,,seen
760,Det444413,1681067207,-2302178067459676414,vann det,seen
761,,5953827065,-2049570565341815375,ğŸ’— Ã˜Ã¼Ã± Å¸Ã¤ ğŸ’—,seen
762,,6047068455,-5469694162447325019,,seen
763,,1111879635,8172458674542372820,,seen
764,,5695873435,6171452484475718219,Dom Relax,seen
765,,7570174447,-8932783836686147982,,seen
766,arneyslnhmen,5428486770,308365826610018684,Czy,seen
767,nananana1125,7252256799,3567699434410074744,áá¶ áá¶,seen
768,nxafxa2,7887164120,7342333404236750567,Zu NÄ«Ä«â£ï¸,seen
769,,475466355,1199157641506858195,ì‚¼ë¥˜ì˜ì´,seen
770,,6959810607,2902567852975112301,Ly Kim,seen
771,Solofore,5159464868,6357052015392165152,Solo Forever,seen
772,Callme_Povmeas,5564091852,6010829356674165317,Jin ğŸ§ƒ,seen
773,,6115459648,-4810868875501322092,Say With me ğŸ‘ŠğŸ»,seen
774,,5958841903,-2687001072168683622,Kun Thy ğŸ’‹ğŸ’,seen
775,,6423846276,1651351825463924528,VITH,seen
776,BorinNhek,179563447,-1980168122989784200,Borin Nhek,seen
777,,1423356513,563625308516789231,,seen
778,SamSamon23,6014277649,-862862374433771672,GM Slaider Vin,seen
779,Kduy_mea_ah_thork,5148670854,6512549036765777492,RÄÄğŸ¤ğŸ«¶ğŸ»,seen
780,,1484819334,-6581179948537191621,Heang,seen
781,dyzendo,6072663044,-8328851216622619573,DY-ZyPloy,seen
782,jq5522,1873153800,4722180792899456494,ä½³ä¸ƒ,seen
783,Hourbenz11,5951063248,274182651914579869,Hour Benz,seen
784,b_nhanha,6878114259,6656485691103353947,Jing JingğŸ°,seen
785,Reathhengleap,5826637140,-9191081976247476634,Lie Mo,seen
786,,6045584924,8111692895856597785,,seen
787,,5129901558,-5975085253921694603,,seen
788,,5943625003,-7207258988345015790,,seen
789,Teasyay,6201188316,-2078849029934909161,Justt da,seen
790,,1072300790,7066831091674615716,Muny rachana,seen
791,,5922745593,-7767827972973289040,,seen
792,,2122774237,3771036591604051442,Raa,seen
793,phea_juu_bee,1737275526,1136315341066178044,ç±³ ç±³ ğŸ‰ğŸ¤,seen
794,,1457321605,-574040177637776668,,seen
795,,5118297548,-1950795962345952308,,seen
796,,6263768508,148507261945120146,,seen
797,,1764913688,6710381792002481082,Oun MG,seen
798,,1640720613,-7808820743701369183,Mean MeanğŸŒšğŸ’œ,seen
799,Hell_sreymom,1809880231,-7337819256509716014,ğ‘´ğ’ğ’ëª¨ á¥«á­¡,seen
800,,1740507144,-2944966050759094424,,seen
801,Chhiv1688,1251652235,-8219450898032139284,ğ˜Šğ˜©ğ˜©ğ˜ªğ˜·ğŸ“š,seen
802,,1955183803,4517715567200402186,Samn ang,seen
803,Care_ly_99,2063864170,-5331773923573038776,áŸá»á áƒáŸášá›á¸ğŸ¤,seen
804,,6382478441,-2308994933161119971,Ta Van ğŸ‰,seen
805,,5611483002,-2528271637374214801,,seen
806,Molly_70lMyo,6134161557,471760294240026580,â¤ï¸ Pisey ğŸ¥ºğŸ’—,seen
807,,1922915414,-3701454435246401356,Sophearith NY,seen
808,,5090912127,6494736169601945856,,seen
809,,6218564901,-3373304783703678173,â‹†,seen
810,jktinak123,5404041446,3802274954895958204,TIk,seen
811,,6627640137,7804076311869988398,Nan Nan,seen
812,,1779575166,-5600999120879973254,,seen
813,som_rith0,7802594858,-5074432857906014666,Som Rith,seen
814,Meaznmia,1323897511,8036215536227860648,Sokha Leapneangsreymeas,seen
815,kdmhgahjmrnis,6753444483,-2277826913654123742,GenZ,seen
816,rollaxzzy56,5677441733,-4955208244471041428,ğ—œ ğ—”ğ—  ğ— ğ—˜,seen
817,,6656579490,-5647628105476841143,,seen
818,KHENG_BO,6298796538,-567874724924872363,ç´¢åº†ğŸ™‚â™¥ï¸,seen
819,,6814243232,8856633903660754317,Chan Chan,seen
820,,6080314829,-3730466460238659372,Nik kiiğŸ€ğŸ£,seen
821,,6679288290,2796902659359325959,PÃ® ÄŒH,seen
822,,1312731315,3558281159702670373,,seen
823,,6871946156,-6522554910704730456,B SL O,seen
824,,6899359975,-7442468643304933450,Stella,seen
825,,6897651018,-8275150233641875903,90377 á”á„ á•á¶á“á·á,seen
826,,5001756872,8807938999847596979,P p,seen
827,,1808805142,-7935937447143799320,Rsmey á€á¼á“á¡á¶á“,seen
828,,6053914092,2000608024886637283,,seen
829,,1203570792,-287967048199649780,TÃ«y,seen
830,Ly8seng,1545200088,3187927815801577588,LY 8,seen
831,radoyjm28,1637268816,2479626214510699993,rado áŸá„áŸ’áŸá¶ášáŸáŸŠá¼á á»á¸,seen
832,,5121907899,3593128203484230015,ğŸ’ŸáŸá“áŸ’á™á¶ áŸáŸ’á˜áŸ„áŸ‡áŸáŸ’á“áŸá áŸğŸ’–,seen
833,seavyadaaa,1075238245,8085716867492399100,YaaDazZ,seen
834,Xing_KiKilu,1646330699,1568548971524333711,XI NG,seen
835,,1904786026,8832958846415503334,,seen
836,bbt_lota,939081708,6745236497960742125,Chalo,seen
837,,1683017841,7780821523222671304,,seen
838,,1333067662,-1648775171865838909,Oun Na,seen
839,,5822888375,-3098635966515622524,Ho uy,seen
840,KAVDTA,5608242245,4231824526275694133,gf,seen
841,Vy_Alone2345,1411884809,-6501099671952423269,Proeung Sokharavy,seen
842,C_H_H_E_N_G_2005,5041962815,-8568899773615522631,PU C H H E N G ğŸ¤ªâ¤ï¸,seen
843,,6928324150,-7689699249486280282,Chai,seen
844,,6558163498,568652152282512862,,seen
845,Ng_men55,7228922655,7565954286267384254,General Mo,seen
846,Eatkdorovggtv,6497080561,292749633119734628,LuCy,seen
847,,5315475697,8441733394109919896,Zeii mich,seen
848,so_maly2,1733489943,-1841250775929606020,ly,seen
849,,5347514583,1303842633099356894,TÅu RÃ©mmÃ­ â˜ï¸â¤ï¸,seen
850,BEK_KHI,5370046819,5148542833686988540,Bekkhi,seen
851,,1983470088,-1197388562262486380,,seen
852,yurxey,2137079830,6715419989273848385,ğŸ€,seen
853,MOON_izume,1791662010,8391930518927652154,Take sá´€ÊŸ,seen
854,,6272858645,-3362441516259747083,khant min,seen
855,,6581782245,7095471050125116047,Chhing Err,seen
856,,5798971571,904359045842516327,SNA,seen
857,,1002489938,-2989219200241591341,Chruy chan lab,seen
858,,7703926459,-1080650563315802832,Amm Tin,seen
859,,6547195908,-8729570509927861357,TAK VAN,seen
860,meymey4408,1825002550,-8380412495017846175,Miey,seen
861,,5644962080,3427314794873449466,,seen
862,,1693804326,-5160074579223710708,á•á¶ áŸá»á—á¶á“áŸ‹ 9D,seen
863,Xinzz_ohioooooooo,2130548264,-3049832518229992759,Zenzz,seen
864,,1615821500,3469156216481037,Na,seen
865,,5443773207,7958080256103508034,,seen
866,,1556495484,-8050801072259472409,PÄ«ch,seen
867,merlsei,1137006007,-3141348587348140447,"CHAN SIV MEY â€¢|â€¢ STELLA ""9AÂ¹""",seen
868,,5540852420,-6611414687757385409,áá“ áŸáŸ’ášá¸áá™,seen
869,,2023654897,3841553186076111544,á’á¶á„,seen
870,,6157550713,-1235861667367814281,La,seen
871,AhTu24,6399716349,-1214817072343011965,Vit ğŸ–•ğŸ»ğŸ˜–,seen
872,,5391878433,5715549689182899437,Luna Tey,seen
873,,1845559096,-7097290022081425509,Bong Moav,seen
874,,5324649352,5941812406614366584,NY DA,seen
875,,6236273905,7077134808685141433,H A V,seen
876,,2101361150,2069570395712385326,MOON,seen
877,,5473563788,6076800824540066595,,seen
878,Bicky_Ha,1808420084,7303065214467563046,Tuy SeyHa ( áŸá¸á á¶ ),seen
879,,1198029553,-7242051901340326469,á›á¸ á‡á¸áˆáŸá“áŸ’á,seen
880,Du_ma7495,6174392604,-5122650163831809786,Lala,seen
881,,6251884231,2385334130700113323,,seen
882,,5481123901,-888925707300822238,,seen
883,Fan_girl_konsva,5526580117,-6544037334590541078,S M,seen
884,,5590448053,1862461560426177899,,seen
885,,6530443969,2994257305632301544,,seen
886,,1624896260,-6534963028148494985,,seen
887,,1938911699,-435417619242771347,,seen
888,,5359401105,-6165546477676669591,Pu ViiğŸ˜µâ€,seen
889,takanoturtoy,2054049075,1294114291737530947,z,seen
890,,5746779046,5588707134899199820,,seen
891,,6288955827,-9192816922530815064,Mr ğŸ‰ğŸ‰ğŸ‰ğŸ’•ğŸ’•ğŸŒ¹ğŸŒ¹ğŸ’‹ğŸ’‹ğŸ’‹ğŸ’ğŸ’ğŸ’ğŸ¸ğŸ¸ğŸ¸ğŸ¦—ğŸ¦—ğŸ¦—,seen
892,DjzSCT99,945832592,4373514672322015507,ISs Me CHEAT ã‚·ï¸,seen
893,,1961252639,4488464575931612425,,seen
894,mesingleban,5395346014,7404298517926597600,ThearağŸ‘§,seen
895,,880239482,2186024391006723122,Piset,seen
896,,5984611351,-3983040486833182839,Oun Ka,seen
897,sreyka_KH,967842706,-8295929932470247770,Srey ka,seen
898,,1461325976,-970588801748973182,Oun Nana,seen
899,,5596969170,7068303977088787190,,seen
900,Vaadddyyy,2019337402,-6201867474894461458,Dydu Dydu Dydu,seen
901,,1953709168,-80908737635348636,áá¶ á˜áŸ‰á¶á€á¶áœ,seen
902,kyo_ser,1620637611,4448183988703265412,E . C Sela,seen
903,,1995360007,7078090101993345983,L,seen
904,,992683363,4626955632842548732,,seen
905,,5407207315,5772603979992390557,,seen
906,,7029865185,-1349639383689020299,(`-`)Bro Ã‘Ã¤ry(`-`)ğŸ¥€ğŸ¥€,seen
907,,7250537282,-2012335106050099498,Dy,seen
908,,5642969601,6101522636505539629,ThağŸ•Šï¸â¤ï¸,seen
909,,1806534429,-4218711660814993997,,seen
910,,5306396965,-8904762668616013121,,seen
911,,5229300335,6032323961343038409,Jack,seen
912,Saa_Ricky,1549192227,7339957911676388890,VO SA,seen
913,,7169968373,-434031566613817705,Srey NoğŸ¢â¤ï¸ğŸ¢,seen
914,TheaGixuu,5248730258,-7648312565027085195,THEA,seen
915,,5745406831,-2681221174999031540,PU BUN,seen
916,,5267828510,-2985544135202990560,Sey,seen
917,,5134474407,5096455258734687294,Hak :),seen
918,,1337759667,-3669131294208430952,Tra,seen
919,,5916727014,-718105728505550003,,seen
920,,1856764369,5961385318187626298,,seen
921,,5173799488,-4145475498169635911,Maa Ry,seen
922,,1349956077,-310481323453957419,á’á¶ ášá€áŸ’áŸá¶,seen
923,eiinai_00,2035823822,-2277472885504391176,á™áŸ‰á¶áœ ááŸƒ,seen
924,Badmoy3,5522542551,1296276062093452951,Be Ly,seen
925,ENZO_BOSS,5680864357,8624923342738973440,á áŸá„ á”áŸŠá»á“á›á¸-ğ•­ğ–šğ–“ğ–‘ğ–ğ“ƒµ,seen
926,Neang_luv_b,5442171036,6133861521078667176,á€á»á›á¶á”ğŸŒ¹,seen
927,Dasrey35,5719038245,-8147214590441737768,Da Da,seen
928,,5339391937,-3626931090869072900,Neav NeaThDaağŸ¤¡ğŸ’—,seen
929,,1999329197,-546990519019125218,Phin,seen
930,,5102079710,3099050297000869488,,seen
931,,1379980533,-8101799384280427547,MJ,seen
932,,6602759141,-3343498515932071530,,seen
933,,1939641580,-7259797559400330458,,seen
934,Iluvurdickk,6830753131,-5845351810225008665,FionağŸŒ€,seen
935,,6551067761,-3096473041239556927,Hourâ˜•ï¸,seen
936,,5651242688,-6453373584435749894,DUY,seen
937,,6116508898,-4256803074381083128,Chhi ğŸ’¢ğŸ«¶,seen
938,Goofy_da168,6234752588,951515128627020932,Da kukuma sokkulabombom oh yes I'm ok kim da goofy,seen
939,,1373164363,1258623218704225789,,seen
940,tii_lanh_oun,1621293591,-618111065987665242,ğŸ’”,seen
941,,6411170770,-872673477109557173,Thin Thin,seen
942,Itshorngg,5827543545,-1967770469128407329,PHAL LYHORNG,seen
943,,1285353832,-7459227291698496381,DARIYA,seen
944,,1338637303,5129332003204032119,Tangkoksrun,seen
945,Imnot_chingjang,1442405835,1051888886309611494,á€á“ á—á½á„á€áá·á€á¶áš ğŸ¢,seen
946,,5647286363,2276647947736857214,Mo Jo ğŸ˜,seen
947,iamgirlsad,832700984,651690052402029366,ChhiiğŸ¤ğŸ€,seen
948,,6030323344,-8844595233579764676,,seen
949,,5092577735,45422233166762683,Fie ğŸ™ƒ Ah,seen
950,,1837087852,5860972204244394360,áŸá¶á“ áŸáŸ’ášá¸á“á¸á(10E),seen
951,Rith_Rith_ly,5315212841,-5637172485067259018,Rith âœ¨â¤ï¸,seen
952,,5432890703,6396642092290715797,Chhun Eng,seen
953,nuthj,5372357644,-6608063787420634186,Vicheka,seen
954,ReachSeyyyyy,1735353573,1650439791906841051,Reach,seen
955,,6092922954,-5097931216477416301,V SADU,seen
956,,8104971218,6866079803025477716,RiyaRiya,seen
957,,2074210506,-1871076311992014280,Seng Hour,seen
958,,495753361,-7883096176732339508,Warehouse pp2,seen
959,,1240764258,2028696903399913043,hong Pheary,seen
960,,6614007789,-3244926238010110531,Å½e Ã±Ã¸,seen
961,,1429032917,1846971993199182640,Cindy Ch,seen
962,Lengasdqwe2,5158328945,1532596124869783937,á”á„áŸá¶á€,seen
963,,7385873614,412101993074269842,Fy TONG,seen
964,,366347714,-5872443749233914734,Thy POLO,seen
965,,1910060014,-7875446214421290262,Jordan,seen
966,,5682918452,738369347444263158,Chhee Chhee,seen
967,,7462614926,-1770252314558691004,G1ğŸ¥€ğŸ’”,seen
968,sana_tt,5636684138,-464395045266421166,Ly MÄ“Ã¿ >Â°<,seen
969,,6340780360,3153656283629097483,Ã‚Ä§ ÃÃ³Ã¹ ÃºÃ¼Ã»Ã»ğŸ­,seen
970,,7638120709,-515695444281043331,BA La.,seen
971,TMassage69,5772711109,-6024116739617015349,69 VIP massage 1,seen
972,,5526983676,8799912868774800146,,seen
973,,5055528608,-4173421959383713744,Duong Sinat,seen
974,nyny234,6372652631,408334670622354102,Sunny.,seen
975,IsPuPaeiiz,6109726901,2465686255306521113,IsPuPaeiiz,seen
976,,6325653461,-8348451426055093382,,seen
977,,6480359876,2490411119440522027,ğ‘·ğ‘¬ğ‘µğ‘® ğ‘¯ğ‘¬ğ‘µğ‘®,seen
978,,6435310768,-1142441289836657037,,seen
979,Mention_rk_Lizzzz_men,5516197402,23996154748546149,XÄ«Ä“ LxÃ¿ ğŸ’ğŸ«¦,seen
980,,2139980807,-2833068002351303007,á—áŸá€áŸ’ááŸ’ášáŸáŸ’ášá¸á›á¶á€áŸ‹,seen
981,WsetoptoopSX3,7058048999,-2699875978260152961,peoplenindy carlingas,seen
982,,7522951760,4350739327322299724,áŸáŸ’ášá¸áá¼á…,seen
983,,6502094854,-4697782501341075226,áŸáŸ€á˜ášá¶á” áŸáŸ’á˜áŸ„áŸ‡áŸáŸ’á“áŸá áŸ,seen
984,,6613808910,-1301028819817521954,,seen
985,,6325460172,5549043489543724982,,seen
986,,5146963652,-8946323305524884432,Ly Mey,seen
987,Oun_JING_To_NY,5970210858,-3853246812365257286,Ah ZÄ€ ğŸ«¶,seen
988,,1358797002,7891635732072889294,áŸáŸŠá»á“ ášá…á“á¶,seen
989,,6915601147,8199734617524937050,ZağŸ‘,seen
990,,7388895390,3422587526375366616,Yuri,seen
991,,5502294858,8221113437577856866,,seen
992,,1283883263,-7628503823118206549,Raa Ker.ã‚£,seen
993,,2091569267,-4540405477936019823,Mr.Ny,seen
994,,6503545497,5479776529959704822,.,seen
995,,5763226597,-4073650518334070796,,seen
996,,6142299935,8732405129963641192,Nat Zeiibork,seen
997,,8174858959,1890520538118180955,Ah SeÃ¼â¤ï¸â€ğŸ”¥,seen
998,Kerker086,1337552444,-551650229435184296,Mao Minghong,seen
999,hdud12,6396945278,4475340788329094631,John Hamblon,seen
1000,Bong_Seven,1296564065,5093291915767391131,Bona,seen
1001,chanoudom9,5269735036,-6681994284631036044,Yat chanoudom å¶è¾°,seen
1002,,1977870955,-6825226352247207971,Zeii NÃµÃ¼Ã±,seen
1003,,5803161356,2668055554217586696,TRA,seen
1004,kuttgg,5027561478,6386091933287584834,á˜á»ááá˜á»áá‰áŸ‰á¶áŸ†á”á¶á™,seen
1005,,6100496646,6894271436647079926,NAA MOO ğŸ»â€â„ï¸ğŸ“,seen
1006,,7877617213,971992922287845229,Nha,seen
1007,,6351877812,-4557469258950263542,eiina,seen
1008,Bee_is_meh,6687853307,1998298897625161923,ğŸ€â™“ï¸,seen
1009,,6750386252,7465562126629490513,ğŸ©µ,seen
1010,,1744697512,-451552376649700034,Netâ¤ï¸,seen
1011,,1911053484,7884921019321480538,,seen
1012,,5249412037,9132562339315503341,Pozz Lise,seen
1013,,5793206203,2780478213922046995,,seen
1014,,5585392255,1182028399141103575,.,seen
1015,rgfrbggg,2003096960,5110511357695748080,Tex,seen
1016,,5614430425,4170878901728808019,é”¡å…°ä¹¦ğŸ¥°ğŸ¥°,seen
1017,,6442584332,-2796199648577748140,Pheak,seen
1018,,6127875986,-2556443549536792175,,seen
1019,,5521337337,-7101379650117363361,ğ—¡ ğŸ° ğ—,seen
1020,,6397579741,4594715662942680829,Az Df,seen
1021,Anh_Smos,5643938277,-6278603832472687926,Leak,seen
1022,,6000274509,2972628425794770600,Laura,seen
1023,,5360524357,-1349658179455877708,Mei Bee ğŸª­,seen
1024,,1759682789,5223077592419781473,á á»á„ á‚áŸ’ášá¸,seen
1025,V_i_n_S_l_o_k_y,5751460737,8428947586141276632,Vin MarioğŸ¤ğŸŒ·,seen
1026,,7069867352,-1570427122760382896,Thy 3,seen
1027,,5968170510,-4631639371980875561,,seen
1028,,6370693140,3784375148271047533,,seen
1029,,1795369182,-8701732110151238508,,seen
1030,,6352009509,-2401232545960238062,,seen
1031,,5830875172,2511213061856353677,Bro SOK,seen
1032,,5197952026,-9205346380707311498,,seen
1033,ah_DenZz,6658061758,-3896168841098250973,ğŸ§±,seen
1034,Aa_XYou,5695726082,4012145848848347154,Ry. PSN ğŸ­,seen
1035,,1917749463,4393564006553988359,,seen
1036,,5366535757,9106541396883385320,,seen
1037,dennnnn_nnnnn,5689378892,-5309467074166967719,JennXing,seen
1038,teijuii,5215723153,-143882331252580209,Dane,seen
1039,Losteverythinghaha,6918652781,317187782674073414,áŸá»á‚á“áŸ’á’,seen
1040,,1897784594,6363022119097367580,,seen
1041,,7075054282,8023713687310411166,Online Shop,seen
1042,,6341404913,-6343886110483676837,,seen
1043,,7072828771,3196022000218626471,,seen
1044,,6581357732,-1689771959108246978,,seen
1045,,6690030766,6105236474304271509,,seen
1046,,6933234507,5696901186981542332,,seen
1047,Allidoisplayrobloxandgoon,1221337826,-924937038609911998,Reaksa,seen
1048,,1943341328,-3553353343298194787,,seen
1049,,597952551,-6155124557180353603,0967244440,seen
1050,,6665771511,-626918434422779451,,seen
1051,,5830117622,1420999954665926654,Mey jing â¤ï¸ğŸ‘„ Jbol kduy mesâ˜¹ï¸,seen
1052,,5968099229,5448498642491274802,,seen
1053,,6586508773,-7220319218356961242,Vata NağŸ¥°,seen
1054,,6928293756,-4947033690402674310,HÃ«Ä…Å†Ä£ LÃ¬pÃ¼,seen
1055,,5669737278,-6967661728449141680,,seen
1056,,6194086679,-8854708899940676750,M,seen
1057,Faafaatevadaderdeii,5191042730,-1717261310718378104,Fxaa,seen
1058,,5221359988,3649325256487802805,,seen
1059,,5789278893,7818257991414742222,pneak tarğŸ’œ,seen
1060,,6513285902,9034298279488668908,Gwat Gwat,seen
1061,,6152062493,-3190241982674173187,,seen
1062,gottalove_j,6427768939,-7357152754056284824,ğŸ’ğŸ»â€â™€ï¸,seen
1063,YEMSOKEO,383054536,-6876125843736921176,YEM SOKEO,seen
1064,,1888313995,-3386534716499816890,Jinn jinn><*,seen
1065,,5057597892,-4359950347421993039,Annie Zxa,seen
1066,,6351683281,-6260979469548102434,Jack,seen
1067,,6847568600,8759470305474002074,BOYâ€‹ SAD.æ„› .,seen
1068,,5658851437,7184935205317761915,,seen
1069,VEN_BUNTHORN,5360623361,2685915518480244970,VEN BUNTHORN,seen
1070,,1880401950,7287492626861059637,,seen
1071,,5878199974,-2335764804136994158,loung key,seen
1072,Ounka87,6794587763,-5216596308742802247,Oun ka,seen
1073,,959724630,7715355860801211191,For You,seen
1074,,2082553316,5453033672112768888,LY VEN,seen
1075,Fiejgvaisex,6841431971,8023141451336572042,effieka><,seen
1076,,5083628683,7659404375451334392,Therealcheaa,seen
1077,,5270079766,1153403331125808822,Boy Ko,seen
1078,La_Tommyy,7478528639,-2374014308829413683,La Tommy,seen
1079,,2144059658,-5928000217408809758,Boy Loy,seen
1080,shi_huanggg,5531087279,-3767164192182379570,Rithy,seen
1081,,6470144019,5110646624667905540,ğŸ³ï¸â€ğŸŒˆğ—§ğ—®ğ˜‚ ğ—¦-ğ—ğ—¼ğ—»ğ—´ ğ—¥ğ— ğŸ«§ğŸ’›,seen
1082,,6468620252,584633683823112546,,seen
1083,meta_jingling,5439935534,-3490507862364944521,Dane,seen
1084,Skyler1223,6914765213,1986551576984228479,Skyler,seen
1085,Ashley_27ely,6521175996,1393885226759311215,á ááŸ’,seen
1086,,6072423188,7417106271883271507,Yu Song,seen
1087,Lil_Lucifer555,5872720686,-8857573968686737266,LuciferğŸ‘‘,seen
1088,,6281520261,-8208455879240072248,kyaw Thu,seen
1089,lii_Eig,6408303947,3207217885951330368,LÄ«Ä« EÄ«ng,seen
1090,Yosaka_catloli,5821251572,6852104442192438412,Saka,seen
1091,,7525797026,-2820937235348688865,SA RAğŸŒ¸,seen
1092,Kabotbsd,7044596238,-8683202416438198445,Pow Powww,seen
1093,,7327096171,2143114360127678046,Nha ğŸŠğŸ¥º,seen
1094,,6564259811,-792646928855890331,,seen
1095,,5095930853,4626242405086410875,Pozz NaNg,seen
1096,SingD4,5769125827,2369836299697880502,ÃÃ¤ kÃ®kÃ¸ğŸ¤,seen
1097,,5398982625,3473642127162276041,Claire ã‚·ï¸,seen
1098,,5861838389,5674672375104305458,,seen
1099,,6902226927,-6233767945757103776,,seen
1100,Kaavin067370,6691565688,1054894065627440126,ğ¤ğšğš ğ¯ğ¢ğ§:ğŸ§ğŸ’—,seen
1101,,6251035308,3098233312366379252,PÃº Hay,seen
1102,,6470428048,5624467394045173610,,seen
1103,,6358291910,3012114879653173217,N3,seen
1104,,5454430154,-4425993696020710691,Bye,seen
1105,,6867916571,-5507071253386179874,,seen
1106,,6419949148,-2075727588776090988,,seen
1107,,6048914933,-9198030912616223123,,seen
1108,,6730930413,4047788515750087894,The Do We,seen
1109,,7341701940,3676373829583252848,Sky Flash,seen
1110,Pikachu646,2050547849,7667149184811269268,pika chu ğŸ¥²â¤ï¸â€ğŸ©¹,seen
1111,,1796695902,-6273829117336674198,Na No,seen
1112,,5206456576,-3152595521675509101,Rethhh,seen
1113,,5735673713,3145806403367331999,Ah Noch,seen
1114,,6517940995,-3972079252747584561,Idzy,seen
1115,ng_ng1234,7181123287,-7710620053954964019,giu,seen
1116,,6905973889,3692469036446516433,,seen
1117,,6745930531,-2726488414088132989,Really Good,seen
1118,,6897955129,-8011009670624630649,The BBC Thx,seen
1119,,6315899392,7494232782293955646,The BBC Ha h,seen
1120,,6361651636,-719135942246607662,The The tree,seen
1121,,6836521164,5946714724614694992,Rca Eggs,seen
1122,,6385230781,-8791741614480634763,,seen
1123,,6492805236,-1779223774115615102,,seen
1124,,6727248028,-1219789638518905140,ğŸ,seen
1125,,6710514798,-4511558920343700317,,seen
1126,,6712721248,2645439360010475901,,seen
1127,,5736442098,-890514040505851559,Sao Sothy,seen
1128,,2091892661,4950028200523350974,,seen
1129,amezela_dara,5356612624,-3908946690052029913,áŸá¹á„ á á¶á€áŸ‹ á˜á€ášá¶-áŸ¡áŸ¡(á„)-áœá·.á áŸáŸá-2526,seen
1130,,6451794214,-8383511664583461011,Really Nice What Is,seen
1131,,6560389770,-5049396166299686338,Really Nice Ha ha,seen
1132,,6750112845,-4099511656918259271,The BBC The Cd Is,seen
1133,,6489240403,-2480317454774413823,,seen
1134,,6639764926,-2889530198124145911,,seen
1135,,6146582316,-5540540311494764541,,seen
1136,Hiuuu_4,5046909092,117837277722423083,SE THHHH,seen
1137,,6650370533,5388213766975380656,Mo,seen
1138,,6772613594,2400492877813170402,,seen
1139,,6446037494,3688168188884184929,,seen
1140,,6681570261,4414522781055319937,Kghhx Cvvx,seen
1141,,6669150141,3348478739670245987,,seen
1142,,6936740043,-571891623862864972,,seen
1143,,6502530260,-6413443832511312354,Ychh Rxxhj,seen
1144,Elena_A_65754r,7273542039,9026832229803608933,á–á·áŸá¸,seen
1145,,6674478867,4986336346311189364,,seen
1146,,7189940048,8357143449279714398,AUNG THU,seen
1147,,6260107849,-5677841982253037785,Yaa Naa,seen
1148,,1156292761,8368970632526447558,Bro Roth,seen
1149,,7059711611,8011641926846922363,Ka,seen
1150,Savameso,7377194443,-8650326958332391914,Leabb,seen
1151,,6795748590,411875338374217878,Jgfd Yvcg,seen
1152,,6699922191,-1650037227632750383,Som juii muy,seen
1153,gn96YqsVmL9w,6802584836,-7042978564922398500,Rotnth,seen
1154,,6947411968,-1225163695102244047,,seen
1155,knqkMmQAwRCR,6953414851,5097995997925670299,Sen Lyna,seen
1156,,6536895807,-2311567507879771444,Phalla Ingsou,seen
1157,,2002065914,-7914531351356291141,N ğŸ©´,seen
1158,,5683387781,-815446982051900863,,seen
1159,,1963364416,-5966679982243435890,ZÄ“Är RÄ«th,seen
1160,,6601074972,-3489645277946730891,Chan Thy,seen
1161,sl_b_na_jes_lg_tank,5280990515,-1716824682117310000,Su Si,seen
1162,sgw1kwYZKpLS,6630122134,-6128817013867427971,Sen Chanboramey,seen
1163,,6707736668,3916979047630793186,Telegram,seen
1164,xCfm7WLe0lQw,6943722723,6078483832116919292,Meng SreyNeang,seen
1165,,6612682986,-4502189878705906615,ğ‘¹ğ’–ğ’•ğ’‰ ğ‘¿ ğ’€ğ’ğ’– å¦‚æ„ å·²æ•…ï¼Œå‹¿æ‰°,seen
1166,,6822991628,-4176391212834448053,,seen
1167,,6586140284,2715608469634060621,,seen
1168,,6931117438,5971876187803051328,,seen
1169,,6476319383,5055750805219921769,,seen
1170,,6604758880,-268534713876710844,,seen
1171,,6301795569,-880468645084685470,,seen
1172,,7727365250,-939546682482278348,Both Komsouth,seen
1173,,6354685818,-2036789461045007273,,seen
1174,,5033917860,-8962661660891519279,áŸá“ áœá·áŸá¶á›,seen
1175,,5592440165,1126107230981145420,,seen
1176,,5822665282,2829434726421349039,â¤ï¸â€ğŸ©¹,seen
1177,,6584147353,3293956593436340471,,seen
1178,,6998241265,-6366136728938921465,,seen
1179,,6404573891,-283444342404881374,,seen
1180,,6919976319,3805864847189685084,,seen
1181,,6499518644,-5440830173771326863,,seen
1182,,6860732449,-1091592952463253823,Tony Leryyy ğŸ¤·â€â™‚ï¸,seen
1183,,2038373550,6086229770183704691,K,seen
1184,konmiijkd4444,835085175,7918603046858370642,ismee Theaã‚£,seen
1185,,5711641334,4885138382882275282,,seen
1186,,5111107021,-3502925912656233183,,seen
1187,,1816446745,-2207817830621864734,SÃ¸phÃªÃ¤k,seen
1188,,6918024829,-320091194060754213,Telegram,seen
1189,BNsDXtOc5xel,6302528353,-366611973429333691,Sokkun Theary,seen
1190,,6690178541,7517981394439640629,TğšIğšğšğš›ğšŠğš–,seen
1191,,6932694429,7319363785521784809,TğšIğšğšğš›ğšŠğš–,seen
1192,,6416024734,-4656074579149542533,Telegram,seen
1193,,6968791806,-1268192235391719423,,seen
1194,,6860269285,-1990659511761244271,Telegram,seen
1195,,5620779496,-412711238632474011,,seen
1196,Latou_vitou,2144408245,-6219263707335452021,La Tou,seen
1197,,5338779599,7365649595085342743,Truy,seen
1198,,6248837058,-8225702730880526614,Fii NhÃ ,seen
1199,,7120364666,-6409607099324841400,Rean Smile,seen
1200,kSNxJ5oiCva7,6921369001,-2952487911038899675,HY SREYYA,seen
1201,,6966864792,-3837624056504887736,TğšIğšğšğš›ğšŠğš–,seen
1202,,6780582027,7948638536475603396,,seen
1203,,6844450683,-4518392638580710260,TğšIğšğšğš›ğšŠğš–,seen
1204,QVJLlkANhAms,6661994934,-1807195012151889219,HONG KESOR,seen
1205,Azfj2rZazte5,6735048979,5908809609936984462,OUN SDQA,seen
1206,,6850543605,1530204900313512644,TğšIğšğšğš›ğšŠğš–,seen
1207,,6065166846,6478726286804704313,Jing Jang,seen
1208,Beeeeeennyyyyyy,6220679757,-4329522675289528856,BennyğŸŒ,seen
1209,,5525157519,-6941431824521763307,Sakâš½ï¸,seen
1210,nit_luv_b,1430326015,5973507957840183153,Nit nitnitnitnit ): ğŸ’ğŸ»,seen
1211,,6742037069,8799856450648806577,Rothana,seen
1212,,6484218706,6073428670887841775,TğšIğšğšğš›ğšŠğš–,seen
1213,,6209415016,-1355939027602253316,TğšIğšğšğš›ğšŠğš–,seen
1214,CVgQFu4TmXny,6935741172,-5417660744132201299,KIMMOUY,seen
1215,,6863012363,-5008505200061249606,Telegram,seen
1216,HOEpJASAuFX5,6972882605,-7201411287053308675,YONG YONG,seen
1217,f3CWqT6pDspe,6793525085,-6154131905403275482,YERN NARI,seen
1218,,6636575332,4919970185000066434,Jem,seen
1219,b_chua_ne,1538601323,8441051486253220771,æ–¯é›·çº³ Naa,seen
1220,,5373336270,270402595698780276,,seen
1221,Kduy_gg_ng_Jo_mes,7454550880,7982642305013255485,çˆ±â€¢Bee Nit á¥«á­¡ğŸ‡,seen
1222,,6635156172,-5204444889380799654,TğšIğšğšğš›ğšŠğš–,seen
1223,kih0ZinDanW2,6958885278,-8250471750421064792,GII MAI,seen
1224,,6174351141,-698693258959930896,,seen
1225,ONo740sl8YRN,6898620471,-1666679389010476800,ANLLY ZAA,seen
1226,psWo9o8pzOWn,6328616621,-5626274247513018054,LENG SOPHEAKNEATH,seen
1227,wyw6uIVXhnEe,6706387677,6027476624544066504,JULITSA,seen
1228,r63TvcgKuL7v,6845643750,-2046292331565176622,LAO SOCHEAT,seen
1229,wVuqBzcQUB0b,6478716773,-4943369729916061325,LONG TINAA,seen
1230,RkfFGuUDtDFw,6331591765,8630044903883887285,CHHORVY,seen
1231,,6942883104,-5576961784957932398,Lik,seen
1232,,5688787299,-8667002570202952285,,seen
1233,Pech_So_Khoeun,1442551074,4629754479505318496,ğŸ¼ SáŸšK ğŸ¤ ( PÃ‹ÄŠÄ¤ SÃ˜ KÄ¤Ã–Ä’ÅªÃ‘ ),seen
1234,,6642112095,279055460999539246,,seen
1235,,6458668335,-6588147092450037937,,seen
1236,,5647726592,-2428656302101183183,â‚¬{Â£â¤ï¸MOMâ¤ï¸Â£{â‚¬,seen
1237,best_mg,1218815740,-8062439445241696222,NÉªá´›Êœ,seen
1238,chvr10,5984222355,4745926064714270620,áœá¸ášáŸˆ áá¶ášá¶,seen
1239,Za_love_o,5896480282,-3756201257790741957,â™”ï¸ Kden Zaa ğ‚‚ğ‚‚ğŸŒ·ğŸ’¢,seen
1240,,6924639299,2702696438471952019,,seen
1241,,5904603465,4999346102492098323,,seen
1242,BrosKhmer,632134317,1511409088371078170,Daravuth Prak,seen
1243,,5672672569,-203354718393260624,,seen
1244,,6969406067,-4381956591218741832,Nich,seen
1245,,5689792791,-4659599396259203489,,seen
1246,HatoMogi,6388610359,-1368038251955507502,Taubaki,seen
1247,,1813771171,8006179132265178806,á‡á¸á“,seen
1248,Muyooow,6718293523,-8043097836066202346,Kima,seen
1249,imjunglang,1374965747,246315382497259053,Jung Lang,seen
1250,,5698746459,-7558833351652118314,Flyy,seen
1251,,5669910864,987557196467329787,Chi,seen
1252,Visal_KT4_79zin,6917777407,4626087640388530777,á¢á’á·á€á¶ášáŸš áœá·áŸá¶á› â˜•â™,seen
1253,Him_so_cheata,6199981503,-8391425877886182190,CHEATAâ™¡,seen
1254,Ya_o_sml,5781701792,-5360698125465379205,Bii ğŸ’“Y@A ğŸ’”ğŸ‘»,seen
1255,,5387699123,3416089356360751893,ğŸª¼ ğŸª¼,seen
1256,,1254656566,-1658259991614800008,,seen
1257,rexk138,7577904479,-6963452596648697502,FongğŸ¥·,seen
1258,Hdstore123,5754479630,2492564677110850403,Nann,seen
1259,sokpiseynghahh,5460098162,-2251599323166532500,Sey,seen
1260,,6824658196,-2670524714883653814,ğŸ˜˜,seen
1261,,6943843071,3297295135003360818,Rynun,seen
1262,,6044916970,3809996510519693006,,seen
1263,,1350354858,5107763014238740584,_________/ğŸ‰ğŸ§§ğ–—ğ–”æ˜Œè¾¾ç½—ğ–—ğ–”ğŸ§§ğŸ‰\_________,seen
1264,,2018736035,7886215974520933769,R,seen
1265,Zxaabenc,6142845561,230121097964940061,ç² ç²âœ¨,seen
1266,Anh_ah_zee_Tzyy,6051748977,1390625188316796168,X boy,seen
1267,ching_0168,1818960058,5110090277621947658,Mana(æ³•åŠ›)ğŸ’œ,seen
1268,boy_sad_18,6193888815,4110253087584913559,Ah slap,seen
1269,Imryzz0,1867647890,-7257191512237791188,áŸáŸŠáŸ€á” á–á»á’áá¶ášá¸,seen
1270,pic_h2,1852552579,2465426456213972832,Phan srey pich,seen
1271,,6278409464,1011071843831314503,Channa Zip,seen
1272,ilysomuchbbb,5379327635,-5503998118589213747,Eii Eii,seen
1273,,5459110380,4007317810318825134,ğŸ˜’,seen
1274,zaa_juju,6646959876,-2065549120595335584,Za,seen
1275,,5997439728,-3079902389410894807,áŸáŸŠá¶á„ áŸáŸ’ášá¸á“á»á…(RÄÄ),seen
1276,Keep929,6051010133,7185550259621296478,Meng ğŸ˜ğŸ˜š,seen
1277,,7171732298,2428377739053600733,Zeref,seen
1278,,7409132665,8103419473749206595,,seen
1279,,5475880900,-6805163081103202278,Ze Ro,seen
1280,ZenOlala,1938547530,-7428647142876617578,Lyhong,seen
1281,Yiee_04,7073339304,-1735295855885843214,Eilly Yiee,seen
1282,,6942398734,-8456387227545335294,,seen
1283,,7028265363,2206383431268169091,Yu,seen
1284,Ly_Solo,5944343019,-6871010487828983974,ÅÃ¿ ğŸ¤,seen
1285,,6484164970,4513367073408184166,,seen
1286,Immtlc,7197414354,-5855497464321514294,Chhoungg,seen
1287,,7286537262,3448849524607775656,KBPS,seen
1288,,6555513101,-5261984187155003994,á¯á€á¶,seen
1289,kbalvea,6698502391,5819831218606734465,Sophea Meas,seen
1290,,6198140128,-5043224449407508735,Rxa,seen
1291,ychang12510,7481518025,-1816700133353975291,æ·‘å,seen
1292,,5661036227,-3832519635992590940,,seen
1293,,6872651157,-7511441532805142915,ken Kuro,seen
1294,,1504039769,-7484303750685521590,Leap Kokomasokolaboomboom,seen
1295,Alexander_Lucifer,5125939471,-4893712851931775011,Luciferâ˜»ï¸â™•ï¸ã…¤ã…¤,seen
1296,,1902879174,-7679659338662555407,D . Y . N . A ğŸ’•ğŸŒ·,seen
1297,,6557391536,-3107321826311225364,LAYYYYYY,seen
1298,,5534872847,778316877791536228,ken Bro,seen
1299,Zbeegod,2041711807,-3535833061477862293,ğŸ˜‹ğŸ˜‹ğŸ˜‹ SeyHa,seen
1300,Meng_Zin_001,6782200499,3242382646411949691,á¢á¼á“ áá¶,seen
1301,,6783050483,-6618577999135113019,Neat Neat,seen
1302,,6474170642,-7082589788305091182,,seen
1303,,5941534732,-4549075893514538639,NA NA,seen
1304,Chingluvyou,6505284461,8935480886288337072,å°é’,seen
1305,,6996683691,7959803817097308383,Â°ZERO|âˆ†,seen
1306,Jacqueline_34eeue,5896955597,8661409053770711015,Vey Vey,seen
1307,,7163738441,-7811068456279619819,MÃ«nG Å¸Ã„ÄğŸ¦‡,seen
1308,,6453635825,-3678196547241223870,SÄlğŸ§¸,seen
1309,Teabbmc,7033734099,6024370929004222573,TeabBmc ğŸ¥°ğŸ¥°,seen
1310,,6528948291,-2209077343021245110,Rous Tito,seen
1311,so_sad_chhnas,6189468389,-2150875259712514452,áˆáŸ’á“áŸ‡â¤ï¸ğŸŒ·,seen
1312,Chhornbona,6633689835,3141864541582719269,ğŸ«¶,seen
1313,,7393125102,-3408569815186781887,Various,seen
1314,,6062513252,1720948322232483064,,seen
1315,,5824504502,4220308778228538753,LÃ©Ã£Ã±g TÃ¸TÃ£ ğŸ«€ğŸ«§,seen
1316,tkol_P,6840721195,7252854915030770734,Ly mako,seen
1317,,7167414270,6795247956321637799,Ly Heng ğŸ«¶ğŸ»,seen
1318,,6093723511,5518300570636810367,Leakna â¤ï¸á“á¶ášá¸áŸáŸ’á˜áŸá¶áŸ‡,seen
1319,lgjakterkdong,2027406214,7519715522803444585,Liy,seen
1320,,7230323361,4090818638427010858,Ry ki kiğŸ’¸ğŸ­,seen
1321,,7137220475,2345427826815664898,B0Y,seen
1322,,7012466488,8766663950960804796,Ah Poy,seen
1323,Loveyouonlyone,5562561108,-755868055305923073,Samrith,seen
1324,Mioioioioioioioi,7279465685,-6054004853600608065,Mio,seen
1325,RaSwagBoy,1957517466,9044746133018202652,Ra Er,seen
1326,,6799919253,-6341747490381000174,Ok Ok,seen
1327,,1607452468,-733787920216722166,Uon Sa,seen
1328,,6066779628,8073993716244131470,104060 104060,seen
1329,ZeiNi123,5405274468,4324866362282303473,Ong klch LangğŸ”¥â¤,seen
1330,,7420962919,-1137570341183837774,á˜á€ ášá¶,seen
1331,,6389600971,-5770859811024855170,Ri ki,seen
1332,,5210841100,-4040381580250679280,Anabel (Nhoung Chanthy),seen
1333,,6938759050,-429516600767297508,á”á„áŸáŸ’á˜áŸ„áŸ‡,seen
1334,fongsadjuii,7029521381,1634288487346079448,FongğŸ’”,seen
1335,,6889305186,-9202373718636578690,âœï¸ğ˜•ğ˜° ğ˜¯ğ˜¢ğ˜®ğ˜¦âœ,seen
1336,longmean123,6513374088,-6002293209037739888,Long mean,seen
1337,,5904268549,-8791884001772576797,HONG,seen
1338,,6452283142,-5909517646433683065,ğŸ«¦,seen
1339,,6150402873,1301660203767742141,Hi idol,seen
1340,ocyyyean,7169426274,7402892165960425239,Lynn's,seen
1341,,7108689544,-8244346013717339961,,seen
1342,,6015931531,-6804884413072551543,black adam,seen
1343,,5996491624,-7387797512032731158,OG,seen
1344,,6856325513,7769034483645726819,PrÃ¶ VÃ¤Ã± Gaming,seen
1345,,5587934518,5001023201813212166,ğŸ«¥AH HONGğŸ«¥,seen
1346,,1721768713,1921673642628137114,á˜á»á¸ áŸáŸŠá»á“á áŸ€á„,seen
1347,,5970160731,-1956934958604001803,Lin,seen
1348,,5152678360,7057091355210246235,Aaaa,seen
1349,,6190719704,-1193493839252413756,Sambath sok,seen
1350,,6104958815,-7469635836615708634,Ah Thim Sad,seen
1351,Meahgahjmrnisvery,5314509915,5501855041921410208,I'm Kim lang,seen
1352,Luv_nak_name_vik_nus,5109070649,-698307001279522106,I.ChuLyy,seen
1353,,1414516895,7278796861930501020,á†áŸá„ á¡áŸ…á áŸ’á‚á·á…(0974444241),seen
1354,,7031390762,5765562466481932320,Bro NHA NG,seen
1355,cutie_leap,5584240105,6792926378789757865,ğ’ğ’–ğ’ ğ’ğ’†ğ’‚ğ’‘ğŸ¯ğŸ’—,seen
1356,hengtola65,6588564105,4846833312895305492,ğ‘¯ ğ‘»ğ‘¶ğ‘³ğ‘¨ğŸ« ğŸ’,seen
1357,love_Ly_Pov,7247112262,-1241398744010354006,ğ‹ğ² ğğ¨ğ¯,seen
1358,phanit130909,7570408676,2842152249670901468,Pha Nit ğŸ¥€ğŸ¦¦,seen
1359,Nyza5,5882715938,-2171290793122130710,san nyza,seen
1360,,6059929002,3683118747037275075,Boy ViP,seen
1361,,5995784873,3272349026297623778,Akhu Ma,seen
1362,,5629626908,-6102155427036795535,MiÃ±h JÃ£kSÃÃ¸y,seen
1363,Sorsovan,6084210818,6105396178043328478,Sor sovann,seen
1364,,7179525394,-2572644100494312625,JK M,seen
1365,,7116146158,8733296345520322231,to mo,seen
1366,,5404039799,-3984006721106483115,Na,seen
1367,juliezna,5833407049,4455265400618388150,NavyğŸ¦•,seen
1368,,5608029016,1949552240552223508,Zeii Leak â¤ï¸ (áƒá»á“á“á¶ášá¸),seen
1369,,6384557673,5906472741655548164,Ah Ra,seen
1370,,6557522870,-1902871202245130899,NY DA,seen
1371,,6881994454,6179672358879454576,M,seen
1372,mama102734,7398840441,-4242907076035079056,Rothana BNC,seen
1373,,1956523689,2663771077131007778,Boy vith 10C1,seen
1374,superkkkkkkkkkk,6278495888,447619729553563692,Ling,seen
1375,,7991112313,1187640042494718266,Leap,seen
1376,,6436739644,-8355080096538879765,Love,seen
1377,,5199708880,3836728273824406421,Long meng son,seen
1378,,6529342221,-1660985985190877570,ášá…áŸ’á…á“á¶,seen
1379,Ra_slanh_oun,1402101740,3433057851336565221,RağŸ«¶â¤ï¸,seen
1380,Bork_anh_happy_nas_men_ah_jm,6051112654,5511745520897000103,ê§à¼’â˜¬Jor Jorâ›©ğŸ‰â˜¬à¼’ê§‚,seen
1381,Kim_lyya,5175645629,3725401212275502765,Ellie monyleak ğŸ’œğŸ¼,seen
1382,,8101688430,-7616149032487877538,á”á„ á”áŸ’á¢á“á›áŸ’á¢,seen
1383,THEARY_2008,6085976393,-7555449242087211459,Ä€h Å¤hÄ“Ã¤Å™Ã¿ ğŸ•ŠğŸ’”,seen
1384,Godfeeling011,5996917370,-7474112583456069483,ğ“¦ğ“²ğ“½ğ“¬ğ“±ğ”‚ ğ”ƒğ“ª ğŸ§¿,seen
1385,Juumini22,2102062783,4980862139379917235,Amara,seen
1386,,1692963655,5500092843762638129,Pu RÃ«Ã¤ch,seen
1387,merl_sey_alein_all,5618099551,-8435878676233039079,MÃ¸Ã¸ kokomasokolabombom ã‚£ğŸ’¨ğŸ’¢,seen
1388,matafacker,1464643087,7101937953674419270,Neak SiemReap,seen
1389,,5177473367,-3818397595214632787,ğ’ingle,seen
1390,,7522623041,-8324680385839210402,Sal,seen
1391,,6252186469,4518961902428661472,Ah Lingda á¢á¶á“á¢á¸á¢á¶á†áŸ’á€áŸ‚á¢á¶á‰áŸ‹ğŸ–•ğŸ˜‚,seen
1392,,5024171249,-9005877516560593900,Ly Lim,seen
1393,,1972612861,4483475159771857051,Jane Jane,seen
1394,Let_Her_Gooo,5119352201,-8379877808575272305,Alex,seen
1395,,1197874543,2867700368628730534,Ra ğŸ¤ğŸ²,seen
1396,xaio_long4,5752129202,-1500813703487021079,XÇÃ±g XÇng,seen
1397,,7211746175,-5390304122163903818,Sdach Soms,seen
1398,,5817570404,393062989519470129,Mey MeyğŸ¤ğŸ¦¦,seen
1399,,1925111095,6623929860238224743,K k,seen
1400,,242187065,3351072533342337769,Next Number,seen
1401,,5340041735,7507842335190407391,.,seen
1402,Z_x_a_1_6_8,1345971882,5121517996176125940,zxÄ,seen
1403,,6230833361,189065660727675472,ã‚¹ã‚¿ã‚¤ãƒ» Tey ãƒ„ ğŸ’‹,seen
1404,Yanna2233,5448668855,-911976208176267095,á—á¿á“ á™áŸ‰á¶á“áá¶,seen
1405,,5752145628,5056616470954811177,Bro Pean,seen
1406,Keep_200,6838795144,-46576799114150451,á™á¼áˆá¸ášáŸ‰á¼ á á¶á“áŸ‹á˜áŸ‰á¶,seen
1407,,5794745915,4601566713069454096,Je Ka ğŸ·ğŸ·ğŸ·ğŸ·ğŸ·,seen
1408,Kdmajmr_168,1754940722,-3287717394526538213,á¢á»á¹á„ á‚á¼á¢á»á¸á„,seen
1409,,5867900530,-2335757559436303773,OÅ«Ã± MickÃ«Ã¿,seen
1410,Vutha08,1930505011,375903181637207393,Tha,seen
1411,,6858157058,-559945958182935987,Seav Mey,seen
1412,,6165111548,785997236627899429,No worries,seen
1413,Ahbiiko2,5782825352,-74594575743924884,joy joy,seen
1414,,5717804126,-7569304480556257646,,seen
1415,,5743868431,8459291707112065191,Vid,seen
1416,,1915032177,-2671792287944362927,á”á„ á áŸá„,seen
1417,vannysmos,5573641156,-1858079911593760664,Vanny Smos â¤ï¸ğŸ¥±,seen
1418,Suee_28,2121298995,-8519685933895074015,Suriee,seen
1419,t_ey_y_168,6440716005,-9082946772161398418,TÄ“y OlÄlÄ,seen
1420,,6877935699,5556656913473539938,ğŒğ¨ğ¨ğ§!!!,seen
1421,Fel_lixx,5124744667,-977220813596765802,FelixğŸ§‘ğŸ½â€ğŸ¤,seen
1422,mixkrbn,6174054556,-8916785792569471202,Eii Eng,seen
1423,,7471655864,-8085161019513102308,áŸáŸášá¸ áŸá“,seen
1424,Harvey_lyzx,1899680216,-6384729638369476942,Bobbie Chocolate,seen
1425,,1911016680,6610511186557173076,.,seen
1426,,5020752328,6947218373260434969,á˜áŸ’á…á¶áŸáŸ‹ á•áŸ’á‘áŸ‡,seen
1427,,5731755855,4450399979324016793,ğ‘ğ‘Â² ğ½ğ‘ğ‘˜ ğ‘†ğ‘™ğ‘œğ‘¦â™•ï¸ é›ªè‰ğŸ€ğŸ‡¨ğŸ‡³,seen
1428,Zommata,5527611266,3394078322640773598,Don,seen
1429,Sxa_Sxaa,1047954022,5648450718321854661,Choun Sana,seen
1430,,5368369876,-8179507345297673853,,seen
1431,,6015707651,1508619295708125247,I LOVEâ€‹ YOUâ€‹,seen
1432,,7106322221,-5033854421563808477,Heang,seen
1433,,1885340285,-624997154257315136,á’á»á› áŸá»á€áŸ’ášá·á,seen
1434,Saifaa10,5848211546,-4937162607334170987,SÄÃ® FÄ€Ä,seen
1435,Thunhklgmes,7448319816,1503810299267022513,ilerbu.,seen
1436,Meaggyyjrenmesmijmr,7036833553,1345514517260873438,LN LN,seen
1437,s1290p,6256293530,8845278370821138429,Sok leng,seen
1438,khakitre,5289297574,6581740159996494001,ğŸ–¤,seen
1439,Huewodhv,7171121067,-5419871857788064767,SCP 19 45. ğŸ˜­ğŸ˜­ğŸ˜­ğŸ’”,seen
1440,Natsu_uii,5953053572,-5683292539331115461,Andy,seen
1441,Tos_coffee,6639641298,1009995625408183587,Kwan,seen
1442,Sal_Offical,1184908561,-3242878806165973663,Sal,seen
1443,,6272131150,2486559701170314604,á¢á¼á“áŠá¿á“,seen
1444,Ju_ly_Sing,6007337560,8348224375290837966,Ly Sing ğŸ­,seen
1445,,5488575181,3987604239802145033,Ah Nith,seen
1446,,7384374846,-3327467344146718520,YAN KerKer,seen
1447,Jjkkkkkkkkkkkkkkkkkkkkkkkkkkllll,6400503446,8790655640393805135,Raa,seen
1448,,1129719045,-3518841979679800143,Keo Kesarath,seen
1449,Minh_Ju,1872561237,150513696309613735,JU :((,seen
1450,,5756914679,739426011071199596,Dxy,seen
1451,Juker0007,7167791040,-2655758084258774442,Jukerleang,seen
1452,Linnachay,1255901253,4323686908176801335,Chay Linna ğŸ§¸â¤ï¸,seen
1453,,507882956,-3903236650764731053,Phom Phan,seen
1454,preserden,1218504590,5290195894970477306,Sreng Sovanney,seen
1455,Sis_yen,1837690455,147836040499090029,EÄ«Ã­ Yen ğŸ¤,seen
1456,rxazyyy123,5477311325,471331273147873223,Fiee Zyy,seen
1457,Kyo_hanma,5765673923,1668006322677876138,áƒá»á“ áŠá¶,seen
1458,Nakimnakim,1680658449,-4506065256099777071,Kimmâ™¡,seen
1459,sokhattiya,1926289970,8303564034935678185,Khim Sokhattiya,seen
1460,,6873414995,-634473084813103931,,seen
1461,,7070778502,4840524184869338688,Bun Meas,seen
1462,,5864045273,5368493003984686824,ğŸª»RachanağŸª» ãƒ—ãƒ©,seen
1463,,5362982897,3239918403248542428,Ting Noy,seen
1464,,5226715654,-7772850783715898086,Naa Faa,seen
1465,,1811349207,-4224078231424867121,,seen
1466,Jemmsbon,5759470315,-2413694327524509382,Jgmix,seen
1467,ah_ly_nit,2140373108,-5091504821761189530,ğŸ˜ª,seen
1468,BrosSmosSne1,5604009221,-9062773192110274251,Le Mingho,seen
1469,,6081604309,5682816994588108971,,seen
1470,,6162664317,5675444086709189824,ny ta ğŸŒ™ğŸ’—,seen
1471,REAKMLBB,7083245097,6887229422187022664,ğ™ğ™€ğ˜¼ğ™†,seen
1472,,6318628398,-3441682092956181879,.,seen
1473,nynora,5204661723,6376728364388023760,Miuie,seen
1474,,7717822058,-2751715180268696133,Lizzy Alyzaa,seen
1475,korn_kethmonireach,1682513586,909828201477516974,KornKeth Monireach (10217),seen
1476,,7485774803,7892072962930619383,KHOMER SOUR,seen
1477,,5442493031,4074005166829130285,á‡á¿á“ á…á·ááŸ’ášá¶,seen
1478,,6120894506,-3164473911326875730,ğ˜ğ¢Ì„ğ§ğ  ğ˜ğ¢Ì„ğ§ğ  ğŸ¦šâ¤ï¸,seen
1479,,1607712626,-1540316026363559789,LÃ¥k,seen
1480,,5465914084,-96744176809773400,Pin,seen
1481,,5572924685,-1848297261633565715,BÃ¯Ã¯ HÃ¤k,seen
1482,FAFAJOKERKH6,6017113785,-4528744355486736907,ğ…ğ€ğ…ğ€ğ‰ğğŠğ„ğ‘ ğŠğ‡ğŸ†,seen
1483,Jade_75JJ,7494236960,1405419355152623578,Paige Denooyer,seen
1484,zip_zip_zip_zip_z,6122027367,7057644459168278064,Lin Lin,seen
1485,httpstmeTestneewgroups,6637778043,888888697620122591,á”á„ á˜á€ášá¶,seen
1486,,6633711210,-8709135260149891285,Avocado,seen
1487,,7792683038,3475124060971924134,á”áŸ’ášá¼ á—áŸá€áŸ’áš,seen
1488,seng_su1629,7253290492,-2927227956624819789,Mohammed Ibrahim,seen
1489,,6920512599,-8124377633178263123,Sela tingÂ²,seen
1490,VANNA_SMSO,5937199997,8249452158812012371,âœŒï¸ğŸ‘®â€â™‚ï¸ğ™š|ã‚VANNAã‚|.ÏÑÎ¹vÎ±Ñ‚Îµ ã‚ğŸ‘®â€â™‚ï¸ğ™š âœŒï¸,seen
1491,,6972379704,4941652055165755917,Teddy Boy,seen
1492,,6485129209,-3164380210699053872,Gech,seen
1493,,5011526732,6165022942862078856,Iam Me,seen
1494,,5459861496,-1736165436928166699,Bong Dara,seen
1495,,6584964543,-380700602136122156,,seen
1496,,5601642898,-3433317226625363190,ğŸ˜… ğŸ˜‚,seen
1497,,7534912116,-7765641562157927443,Leap Leap,seen
1498,Anh_mii_ka_leak,6790551169,-1261747642440477915,Leak jÅ c ğ–¢·â¤ğŸŠğŸŠ,seen
1499,httpstmeLy_Ka,6761740002,-1962472862981152100,Ka kdan 2ğŸ¦ŒğŸ¦Œ,seen
1500,,1938421118,2761077995071714869,YANG ğŸƒ,seen
1501,,7622067606,2325462461479666882,Lis lis ğŸ·,seen
1502,,7620818019,-8863015570194373203,za,seen
1503,,6771249548,-3208159494776906091,RithhhğŸ’”ğŸ¤˜,seen
1504,,8115996031,8824565682531964523,ğŸ¤™ğŸ»,seen
1505,,6122034314,-1705586075817533647,Zyyy Fong,seen
1506,,5927004011,-374585520441591431,á“áŸ… áŸá»á—áŸá€áŸ’áŠá¸,seen
1507,,6258379004,2198805047410641093,Vicheka,seen
1508,hg_c_ey_joo_mes_haa,5220134258,-126962170522696167,linggg,seen
1509,,7808610476,8663328375715957914,Bong Da,seen
1510,yutai155,6207441599,8879916798498756533,Nith Trix,seen
1511,,5920392857,1676142743567904400,Bross Sa,seen
1512,,6785526068,-7578826316851729405,Jeam,seen
1513,,7209454303,-8874047299450770043,Hakkk,seen
1514,,6773963063,310994978187404813,Seav Chhi,seen
1515,,5831452088,5963944143827722690,Mean Sanet,seen
1516,pcx3000,5005130392,4988326441138032599,Pete,seen
1517,,7417154612,2343441157079390454,ê§à½‘ğŸ”¥æºBro soræºğŸ”¥à½Œê§‚,seen
1518,Ekekteh,6558755913,7193993312409052193,Spicy,seen
1519,,7162688615,1420981298811472034,Ä®â€™m sÄ’y,seen
1520,,6323337634,-2837895073690147235,Ly,seen
1521,jiii20044,1058465702,-2076999983082727581,Jii,seen
1522,coziao_0,1896865115,7981709315160819349,Embassy Ë‡,seen
1523,kimhak37,5353112171,-576146563467154746,Hak,seen
1524,,1454897117,5065992775693403729,B È˜tef 40,seen
1525,,5757025505,4741022680564619788,Faa,seen
1526,,6908638682,4866969998852335403,Ho Ng,seen
1527,,8186850077,-1903387628098107169,Anthony Yi,seen
1528,Lovekakakaka,7316115803,867458751354719150,áŸáŸ’á˜áŸ„áŸ‡ á‚áºá”á„,seen
1529,,1702888746,-6130711476521887789,ğ“‡¼áƒá¶á„áœá·áœáŒáŸ’áá“áŸğ“‡¼,seen
1530,,6920332533,-9212834722047609109,. NITAğŸ–•ğŸ’–,seen
1531,,6485607604,8348909710053866791,á¢á»á¬á¯á¦ ):,seen
1532,Calistaslb,7065481022,-2081330205571801183,Moni Taa><ğŸ¯â¤ï¸,seen
1533,SokRathnak,564158076,-1628491484649938702,Rathnak,seen
1534,,6579184096,-5421912487236187084,King smos kue bâ¤ï¸ğŸ™†ğŸ»â€â™‚ï¸ğŸ¤–,seen
1535,Seyha007uu,6498344349,-380158864772877484,á”á„ áŸá¸á á¶,seen
1536,,5535446834,-3125667808055952096,áŸá»á•á›,seen
1537,,675070396,-5906829224541561046,IENG Sereybot,seen
1538,,6933399574,-592025002267797730,á áŸŠá¶â¤ï¸127,seen
1539,vanudom2023,1346605645,-4495638729464359473,Van Udom,seen
1540,,5726766960,6440058784961732154,VandaRo,seen
1541,,6363036982,-9035636820431384454,AhğŸ‘… ğŸ¦ªNa,seen
1542,trataxi24H,1903838478,-2522074795230956552,Traå‡ºç§Ÿè½¦24hğŸš•,seen
1543,,7099985302,6075604682843891966,Tin Nin,seen
1544,,5887032904,7681596036941644058,Ra ğŸ¤,seen
1545,,7289691147,4655055628662671647,Tg30,seen
1546,,7129566957,8467012778721373242,Tg29,seen
1547,,6822108827,943419479183270116,à¸”à¸²à¸šà¸ªà¸²à¸§â¤ğŸ¤˜,seen
1548,,1453782555,-5764522877533390241,.,seen
1549,jing1213141516,6312353693,-8555553072342024138,Jing,seen
1550,,6503020953,-3708933096456839809,PhÃ«Ä Ã†lÃ©x,seen
1551,VannVichea,1632519522,-330438558314147353,Alex,seen
1552,,1486003433,3752575638861797043,E â˜¹ï¸â¤,seen
1553,,5037818639,-9005823150999927470,LunağŸ’”,seen
1554,fwBOns629,1861184703,866138006712409545,Ton,seen
1555,,6184481889,-5609483696034404816,S e,seen
1556,,7035603026,-3619064175459445695,Ly LyğŸ’—,seen
1557,,1735546347,1547975539744870532,Vi chekağŸ¤â™,seen
1558,,5656746877,379053415096643140,Chiv pi seth sa phea Roth,seen
1559,itzzur_ian,1535342133,7157877667987246979,GağŸŒ·,seen
1560,Lylylysaaaa,5378473632,499615374861924883,Lylysa,seen
1561,slanh_b_ot_bbe,1891485809,2660259968416033890,S-T1-DE-CHUM SOMUNNY( å‡Œ ),seen
1562,johnn352,5377087754,-8510996925317154476,Tu,seen
1563,,1846207291,-875202865981416180,ááŸ‚á˜ á‚á¸á˜á¡á»á„(áŸ¡áŸ¢A),seen
1564,ToRo_Laze,6003630804,7014271763212833171,Ting,seen
1565,,1746272778,-2408636750767498170,,seen
1566,,5501929486,-6086992598208337468,,seen
1567,Prince_GOnez,5491337981,4271545859732158862,Seav Ingg ğŸ£,seen
1568,,6725328404,-7675908544746041331,33030,seen
1569,TiiNakk18,6787687093,-1094117982914798074,FongğŸ¦Š,seen
1570,,6504269673,-2837054124209734792,33,seen
1571,,5967551086,-4690035496604326518,áŠá“ ášáŸ‰á¶á“á» 99452,seen
1572,,5649844625,-2485048838703980899,,seen
1573,,6976132089,-3479483636072679895,SD,seen
1574,Sovannnnnnd,6053460180,-5502336206945778349,Vann,seen
1575,,6388311201,7858971581689804291,,seen
1576,,7234459619,-3028014780749502382,Imnot bille,seen
1577,sazz168,938216536,822930558345497105,Nam Phoung èµµæ­Œ,seen
1578,Chh_19283,1391139496,-3276182204411739335,Hello Iâ€™M RITH â™¡ï¸,seen
1579,,5411622749,-6407926464279131032,ğŸ—½á”áŸ’ášá¼áŒá¸áŸáŸ†á›á¶á‰áŸ‹á‘á¸áŸ£ğŸ—½,seen
1580,,6548486116,-382143162243506636,Long Dy,seen
1581,,7518667212,8451068893635799935,Reth Sokchea008ğŸ¤—ğŸ’—ğŸ˜˜ğŸ’—ğŸ¤— Chea,seen
1582,M_MyNoSs,6237505172,-4022432449464669894,MÄ›y ğŸ˜¥,seen
1583,kduy_mea_gg_mii_thork,6672601003,-1856190032006347604,Lie Jen ğŸ¤ğŸ˜¡,seen
1584,hg_thork_mas,7062122727,867007523362364966,Bennyy Jen ğŸ’,seen
1585,,5415693449,-6888364742653533714,Jung uğŸ OskarğŸ’—ğŸ¦,seen
1586,,8167665639,-6125590129788849,DÃ¤MÃ«Ã¿ğŸ’—,seen
1587,,6962375532,317886375286443305,U Na,seen
1588,,5657498199,-8876950969953529118,cheang Rom,seen
1589,,1719507263,1761509154839107903,Ti cool,seen
1590,,6835235140,-2575364894061300254,,seen
1591,,1624018841,-4616181702180254019,ğ•ğ—ğ˜ğŸ€,seen
1592,,6517688827,5507265105960285889,,seen
1593,,6741957453,7484004006229858918,merl ey sery sava,seen
1594,Anhmiktasmos,5098168937,-3742321037222676667,Mer ey ah jmrğŸ¯ğŸ’•,seen
1595,,6918880633,2684778022159799938,Khmer.016.com Khm,seen
1596,lie_naa2,6246351564,-7683554291789378346,è‰å¨œ â™¡ï¸,seen
1597,lanhvitahrg,5877863627,-649612725817792297,SRENG VITA,seen
1598,,7243490706,3604788598383276303,áŸáŸ’á˜áŸ„áŸ‡ááŸ‚á¢á¼á“â¤ï¸ğŸ’“,seen
1599,,6892823942,-8771870721030318900,Ti Tha,seen
1600,Vorn_24,7179592636,-6170275574342586210,Snow Tii,seen
1601,jeevanmere,6592653531,-1635985438975255311,ğ‘´ğ’†ğ’“ğ’† ğ‘±ğ’†ğ’†ğ’—ğ’‚ğ’ ğ‘²ğ’‚ ğ‘´ğ’‚ğ’‚ğ’“ğ’ˆ,seen
1602,,6726656633,-7750691122020607369,Takeo Takeo,seen
1603,,5419734891,4648497630939488284,,seen
1604,molanhbong,6200750443,-1291869011633784464,MelodyğŸ’‹,seen
1605,,5554153289,-8937621228256487680,Bro Von,seen
1606,,699167501,4179695491851211854,Sela,seen
1607,,1760110504,-4918073373022343765,NichğŸ’™,seen
1608,DyyZzyy,5841138056,7258654761465418713,^Det á¥«á­¡,seen
1609,,1759295176,1141771759111600008,áŸáŸ’ášá¸ á—á»á“ (93),seen
1610,CC_NN9,6198071648,8739344464223839793,Li Su Su,seen
1611,Hangleap1bb,1710617249,6444949594955657285,â˜­HENG LEAPâ˜­(â ï½¡â â™¡â â€¿â â™¡â ï½¡â )GM,seen
1612,,1736537867,-4292890341475346130,Phorn Electro,seen
1613,Leahle_37,7161207648,4627051918175551038,SONITA,seen
1614,,5493523566,2991267823628716990,K!NGKÂ°NG,seen
1615,,7485086905,-8473770261550721789,krak krak,seen
1616,nak_kai,7074529263,6851992272372298589,ğŠğ€ğˆ ğ™ğˆğ ğŸ—£,seen
1617,,1702893501,6565433964015133589,Love You,seen
1618,,5983324733,-7418326705450623170,Call Videos ğŸ˜ Ok CalğŸ™ video Call ğŸ¤™ğŸ†— C,seen
1619,,1844554975,5348542262727098390,NJR (Cellcard),seen
1620,,5094438428,4449358852067569361,Long,seen
1621,Rith1235,5242267844,-3521300149139974820,Rith Kmeg toch ğŸ–•,seen
1622,,692984891,5088348140773061033,Rim Srey Pin,seen
1623,,6392590198,-7189058630492441975,0714510861 0714510861,seen
1624,,6869635814,-4982948793428982978,ZEN,seen
1625,TooEz4Zayyy,6210754510,-5899393061631023409,Everett,seen
1626,Ting_Tinng,6408735886,-7637179837569478716,Tuzz zzy,seen
1627,,6494969881,4576743327094636481,T,seen
1628,,1860578380,-286538734736197066,LON SREY POV,seen
1629,,6669336061,4988677193731884162,,seen
1630,,5257064990,352818779882737930,ğŸ¤ğŸ¤,seen
1631,,6737050920,-8076770750160035659,,seen
1632,lymota,1846629379,-2913268103892182119,Ly,seen
1633,,6494632542,-3555692954251141557,,seen
1634,TpokGgTneKlgMen,6853529696,-3920767655293764551,á…á¶á”áŸ‹á„áŸ‚á„á áŸ‚á€á€áŸ’áá½á™á›á¼áœá“á¹á„á˜á¸á—áŸ’á›á¾ğŸ˜,seen
1635,pizz27,6406055126,-4533080470437086294,Pich ğŸ«¶ğŸ»,seen
1636,,7107708160,-6530936850582274339,1 1,seen
1637,,6642561673,5194572520992861243,,seen
1638,Maatinns,6545837808,-5942302771822123724,Slanh ban Ham kbot,seen
1639,lozanoevei,7189476345,-6145838933494351165,PXCH,seen
1640,Phea1234567890,6767806078,8631422595907920799,Hai,seen
1641,,6924477658,-4604377632371307267,Vuthysak Chan,seen
1642,,7681015720,-3000221989858224650,á”áŸ’ášá¼áŸá¸á á¶ áŸá»á¸á“,seen
1643,,1661390736,-7311502685112197430,Den,seen
1644,Fa_Fa_besdong,5963628700,-23831966971925831,Fa Fa ğŸ˜,seen
1645,,1005209693,1914125089849756110,Deth,seen
1646,namejitsmos2,7232867480,3483238790835564525,Ny,seen
1647,,1221366265,-1997723621791394167,NAK,seen
1648,,1613379628,-1867372356069824100,Ah Juu,seen
1649,,7496804693,-7085822914813268014,ğŸ‡°ğŸ‡­ğŠğ€ ğŒğâ„¢ ğŸ—ğŸ— â„¢Â© ğƒ.ğ€.ğŠ Â®âš¡ğŸ‡ºğŸ‡¦,seen
1650,,6610933646,-7763399386258060164,PK PP,seen
1651,,7399814885,8103778420668027466,NA JA,seen
1652,,6600892105,-797870804964095886,Si Na PARES,seen
1653,,7102459150,6905819323371074290,SA,seen
1654,,5293846298,-8421578144873153256,,seen
1655,YEBFAYHSAH,6660842071,-3065906968736810807,ğ—¬ğ—˜ğ—• ğ—™ğ—”ğ—¬ğ—›ğ—¦ğ—”ğ—›,seen
1656,Superbenz4,1825184822,322297750342492044,SuxÄ« Jubenz,seen
1657,,6166643376,-9151403892240332338,Ah.KağŸ’‹âœ¨,seen
1658,Jen_nghah,6743404228,4771891564625545757,Bbe Ryza,seen
1659,,5664687365,5514376349632642896,Meng,seen
1660,Metanisi,7933210427,6213357039383494924,NiSi Mets,seen
1661,,5560706323,-2782698425277426904,GO KH,seen
1662,Nabee168,6939999995,-2782851564998540093,ã‹¡ Î’Î£Î£,seen
1663,,8061067095,-9183553359261218659,Tii Noo,seen
1664,,1930610537,-5345542000422787114,Seng Yugech,seen
